{
  "credit": "Made by NavaRayUK",
  "ambientocclusion": false,
  "elements": [
    {
      "name": "lmain",
      "from": [
        6,
        27.75,
        6
      ],
      "to": [
        10,
        31.25,
        10
      ],
      "faces": {
        "north": {
          "uv": [
            1.77778,
            11.33333,
            2.22222,
            11.66667
          ],
          "texture": "#0"
        },
        "east": {
          "uv": [
            1.33333,
            11.33333,
            1.77778,
            11.66667
          ],
          "texture": "#0"
        },
        "south": {
          "uv": [
            2.66667,
            11.33333,
            3.11111,
            11.66667
          ],
          "texture": "#0"
        },
        "west": {
          "uv": [
            2.22222,
            11.33333,
            2.66667,
            11.66667
          ],
          "texture": "#0"
        }
      }
    },
    {
      "name": "lbottom",
      "from": [
        5.75,
        31.1,
        5.75
      ],
      "to": [
        10.25,
        31.35,
        10.25
      ],
      "faces": {
        "north": {
          "uv": [
            1.77778,
            12.11111,
            2.22222,
            12.22222
          ],
          "texture": "#0"
        },
        "east": {
          "uv": [
            1.33333,
            12.11111,
            1.77778,
            12.22222
          ],
          "texture": "#0"
        },
        "south": {
          "uv": [
            2.66667,
            12.11111,
            3.11111,
            12.22222
          ],
          "texture": "#0"
        },
        "west": {
          "uv": [
            2.22222,
            12.11111,
            2.66667,
            12.22222
          ],
          "texture": "#0"
        },
        "up": {
          "uv": [
            2.22222,
            12.09722,
            1.77778,
            11.65278
          ],
          "texture": "#0",
          "cullface": "down"
        },
        "down": {
          "uv": [
            2.22222,
            12.09722,
            1.77778,
            11.65278
          ],
          "texture": "#0"
        }
      }
    },
    {
      "name": "lmiddle",
      "from": [
        6,
        31.35,
        6
      ],
      "to": [
        10,
        31.6,
        10
      ],
      "faces": {
        "north": {
          "uv": [
            1.77778,
            12.66667,
            2.22222,
            12.77778
          ],
          "texture": "#0"
        },
        "east": {
          "uv": [
            1.33333,
            12.66667,
            1.77778,
            12.77778
          ],
          "texture": "#0"
        },
        "south": {
          "uv": [
            2.66667,
            12.66667,
            3.11111,
            12.77778
          ],
          "texture": "#0"
        },
        "west": {
          "uv": [
            2.22222,
            12.66667,
            2.66667,
            12.77778
          ],
          "texture": "#0"
        },
        "up": {
          "uv": [
            2.22222,
            12.66667,
            1.77778,
            12.22222
          ],
          "texture": "#0"
        }
      }
    },
    {
      "name": "ltop",
      "from": [
        6.25,
        31.6,
        6.25
      ],
      "to": [
        9.75,
        31.85,
        9.75
      ],
      "faces": {
        "north": {
          "uv": [
            0.33333,
            13.77778,
            0.66667,
            13.88889
          ],
          "texture": "#0"
        },
        "east": {
          "uv": [
            0,
            13.77778,
            0.33333,
            13.88889
          ],
          "texture": "#0"
        },
        "south": {
          "uv": [
            1,
            13.77778,
            1.33333,
            13.88889
          ],
          "texture": "#0"
        },
        "west": {
          "uv": [
            0.66667,
            13.77778,
            1,
            13.88889
          ],
          "texture": "#0"
        },
        "up": {
          "uv": [
            0.66667,
            13.77778,
            0.33333,
            13.44444
          ],
          "texture": "#0"
        }
      }
    },
    {
      "name": "rmain",
      "from": [
        2,
        22.4,
        20.25
      ],
      "to": [
        14,
        24.15,
        21.25
      ],
      "rotation": {
        "angle": -22.5,
        "axis": "x",
        "origin": [
          8,
          8,
          8
        ]
      },
      "faces": {
        "east": {
          "uv": [
            12.88889,
            8.11111,
            13,
            8.22222
          ],
          "texture": "#0"
        },
        "south": {
          "uv": [
            14.44444,
            8.11111,
            15.77778,
            8.22222
          ],
          "texture": "#0"
        },
        "west": {
          "uv": [
            14.33333,
            8.11111,
            14.44444,
            8.22222
          ],
          "texture": "#0"
        },
        "up": {
          "uv": [
            15.66666,
            8.11111,
            14.33333,
            8
          ],
          "texture": "#0"
        },
        "down": {
          "uv": [
            15.66667,
            8,
            14.33333,
            8.11111
          ],
          "texture": "#0"
        }
      }
    },
    {
      "name": "rpanel1",
      "from": [
        20.25,
        22.4,
        2
      ],
      "to": [
        21.25,
        24.15,
        14
      ],
      "rotation": {
        "angle": 22.5,
        "axis": "z",
        "origin": [
          8,
          8,
          8
        ]
      },
      "faces": {
        "north": {
          "uv": [
            4.66667,
            7.55556,
            4.77778,
            7.66667
          ],
          "texture": "#0"
        },
        "east": {
          "uv": [
            3.33333,
            7.55556,
            4.66667,
            7.66667
          ],
          "texture": "#0"
        },
        "south": {
          "uv": [
            6.11111,
            7.55556,
            6.22222,
            7.66667
          ],
          "texture": "#0"
        },
        "up": {
          "uv": [
            4.88889,
            7.55556,
            4.77778,
            6.22222
          ],
          "rotation": 270,
          "texture": "#0"
        },
        "down": {
          "uv": [
            4.88889,
            6.22222,
            4.77778,
            7.55556
          ],
          "rotation": 90,
          "texture": "#0"
        }
      }
    },
    {
      "name": "rpanel2",
      "from": [
        2,
        26.5,
        2
      ],
      "to": [
        14,
        28,
        14
      ],
      "faces": {
        "up": {
          "uv": [
            8.88889,
            1.33333,
            7.55556,
            0
          ],
          "texture": "#0"
        }
      }
    },
    {
      "name": "rpanel3",
      "from": [
        2,
        22.4,
        -5.25
      ],
      "to": [
        14,
        24.15,
        -4.25
      ],
      "rotation": {
        "angle": 22.5,
        "axis": "x",
        "origin": [
          8,
          8,
          8
        ]
      },
      "faces": {
        "north": {
          "uv": [
            10.11111,
            8.11111,
            11.44444,
            8.22222
          ],
          "texture": "#0"
        },
        "east": {
          "uv": [
            10,
            8.11111,
            10.11111,
            8.22222
          ],
          "texture": "#0"
        },
        "west": {
          "uv": [
            11.44444,
            8.11111,
            11.55556,
            8.22222
          ],
          "texture": "#0"
        },
        "up": {
          "uv": [
            12.77777,
            8.11111,
            11.44444,
            8
          ],
          "texture": "#0"
        },
        "down": {
          "uv": [
            12.77778,
            8,
            11.44444,
            8.11111
          ],
          "texture": "#0"
        }
      }
    },
    {
      "name": "rpanel4",
      "from": [
        -5.25,
        22.4,
        2
      ],
      "to": [
        -4.25,
        24.15,
        14
      ],
      "rotation": {
        "angle": -22.5,
        "axis": "z",
        "origin": [
          8,
          8,
          8
        ]
      },
      "faces": {
        "north": {
          "uv": [
            7.55556,
            7.55556,
            7.66667,
            7.66667
          ],
          "texture": "#0"
        },
        "south": {
          "uv": [
            9,
            7.55556,
            9.11111,
            7.66667
          ],
          "texture": "#0"
        },
        "west": {
          "uv": [
            7.66667,
            7.55556,
            9,
            7.66667
          ],
          "rotation": 180,
          "texture": "#0"
        },
        "up": {
          "uv": [
            7.77779,
            7.55555,
            7.66667,
            6.22222
          ],
          "texture": "#0"
        },
        "down": {
          "uv": [
            7.66667,
            7.55555,
            7.77779,
            6.22222
          ],
          "rotation": 180,
          "texture": "#0"
        }
      }
    },
    {
      "name": "spanel1",
      "from": [
        15,
        23,
        1
      ],
      "to": [
        16,
        25.5,
        15
      ],
      "faces": {
        "north": {
          "uv": [
            9.11111,
            5.88889,
            9.22222,
            6.11111
          ],
          "texture": "#0"
        },
        "east": {
          "uv": [
            7.55556,
            5.88889,
            9.11111,
            6.11111
          ],
          "texture": "#0"
        },
        "south": {
          "uv": [
            10.77778,
            5.88889,
            10.88889,
            6.11111
          ],
          "texture": "#0"
        },
        "up": {
          "uv": [
            9.22222,
            5.88889,
            9.11111,
            4.33333
          ],
          "texture": "#0"
        },
        "down": {
          "uv": [
            9.33333,
            4.33333,
            9.22222,
            5.88889
          ],
          "texture": "#0"
        }
      }
    },
    {
      "name": "spanel2",
      "from": [
        1,
        23,
        0
      ],
      "to": [
        15,
        25.5,
        1
      ],
      "faces": {
        "north": {
          "uv": [
            0.11111,
            8.11111,
            1.66667,
            8.33333
          ],
          "texture": "#0"
        },
        "east": {
          "uv": [
            0,
            8.11111,
            0.11111,
            8.33333
          ],
          "texture": "#0"
        },
        "west": {
          "uv": [
            1.66667,
            8.11111,
            1.77778,
            8.33333
          ],
          "texture": "#0"
        },
        "up": {
          "uv": [
            1.66667,
            8.11111,
            0.11111,
            8
          ],
          "texture": "#0"
        },
        "down": {
          "uv": [
            3.22222,
            8,
            1.66667,
            8.11111
          ],
          "texture": "#0"
        }
      }
    },
    {
      "name": "spanel3",
      "from": [
        0,
        23,
        1
      ],
      "to": [
        1,
        25.5,
        15
      ],
      "faces": {
        "north": {
          "uv": [
            1.55556,
            7.77778,
            1.66667,
            8
          ],
          "texture": "#0"
        },
        "south": {
          "uv": [
            3.22222,
            7.77778,
            3.33333,
            8
          ],
          "texture": "#0"
        },
        "west": {
          "uv": [
            1.66667,
            7.77778,
            3.22222,
            8
          ],
          "texture": "#0"
        },
        "up": {
          "uv": [
            1.66667,
            7.77778,
            1.55556,
            6.22222
          ],
          "texture": "#0"
        },
        "down": {
          "uv": [
            1.77778,
            6.22222,
            1.66667,
            7.77778
          ],
          "texture": "#0"
        }
      }
    },
    {
      "name": "spanel4",
      "from": [
        1,
        23,
        15
      ],
      "to": [
        15,
        25.5,
        16
      ],
      "faces": {
        "east": {
          "uv": [
            6.22222,
            7.77778,
            6.33333,
            8
          ],
          "texture": "#0"
        },
        "south": {
          "uv": [
            8,
            7.77778,
            9.55556,
            8
          ],
          "texture": "#0"
        },
        "west": {
          "uv": [
            7.88889,
            7.77778,
            8,
            8
          ],
          "texture": "#0"
        },
        "up": {
          "uv": [
            7.88889,
            7.77778,
            6.33333,
            7.66667
          ],
          "texture": "#0"
        },
        "down": {
          "uv": [
            9.44444,
            7.66667,
            7.88889,
            7.77778
          ],
          "texture": "#0"
        }
      }
    },
    {
      "name": "bmain",
      "from": [
        1,
        1,
        1
      ],
      "to": [
        15,
        26.5,
        15
      ],
      "faces": {
        "north": {
          "uv": [
            1.55556,
            1.55556,
            3.11111,
            4.33333
          ],
          "texture": "#0"
        },
        "east": {
          "uv": [
            0,
            1.55556,
            1.55556,
            4.33333
          ],
          "texture": "#0"
        },
        "south": {
          "uv": [
            4.66667,
            1.55556,
            6.22222,
            4.33333
          ],
          "texture": "#0"
        },
        "west": {
          "uv": [
            3.11111,
            1.55556,
            4.66667,
            4.33333
          ],
          "texture": "#0"
        },
        "up": {
          "uv": [
            3.11111,
            1.55556,
            1.55556,
            0
          ],
          "texture": "#0"
        },
        "down": {
          "uv": [
            4.66667,
            0,
            3.11111,
            1.55556
          ],
          "texture": "#0"
        }
      }
    },
    {
      "name": "bpanel1",
      "from": [
        0.5,
        1,
        14.25
      ],
      "to": [
        1,
        23,
        14.75
      ],
      "faces": {
        "north": {
          "uv": [
            0.55556,
            11,
            0.66667,
            13.44444
          ],
          "texture": "#0"
        },
        "east": {
          "uv": [
            0.44444,
            11,
            0.55556,
            13.44444
          ],
          "texture": "#0"
        },
        "south": {
          "uv": [
            0.77778,
            11,
            0.88889,
            13.44444
          ],
          "texture": "#0"
        },
        "west": {
          "uv": [
            0.66667,
            11,
            0.77778,
            13.44444
          ],
          "texture": "#0"
        }
      }
    },
    {
      "name": "bpanel2",
      "from": [
        0.5,
        1,
        1.25
      ],
      "to": [
        1,
        23,
        1.75
      ],
      "faces": {
        "north": {
          "uv": [
            0.11111,
            11,
            0.22222,
            13.44444
          ],
          "texture": "#0"
        },
        "east": {
          "uv": [
            0,
            11,
            0.11111,
            13.44444
          ],
          "texture": "#0"
        },
        "south": {
          "uv": [
            0.33333,
            11,
            0.44444,
            13.44444
          ],
          "texture": "#0"
        },
        "west": {
          "uv": [
            0.22222,
            11,
            0.33333,
            13.44444
          ],
          "texture": "#0"
        }
      }
    },
    {
      "name": "bpanel3",
      "from": [
        14.25,
        1,
        15
      ],
      "to": [
        14.75,
        23,
        15.5
      ],
      "faces": {
        "north": {
          "uv": [
            1.88889,
            8.44444,
            2,
            10.88889
          ],
          "texture": "#0"
        },
        "east": {
          "uv": [
            1.77778,
            8.44444,
            1.88889,
            10.88889
          ],
          "texture": "#0"
        },
        "south": {
          "uv": [
            2.11111,
            8.44444,
            2.22222,
            10.88889
          ],
          "texture": "#0"
        },
        "west": {
          "uv": [
            2,
            8.44444,
            2.11111,
            10.88889
          ],
          "texture": "#0"
        }
      }
    },
    {
      "name": "bpanel4",
      "from": [
        1.25,
        1,
        15
      ],
      "to": [
        1.75,
        23,
        15.5
      ],
      "faces": {
        "north": {
          "uv": [
            1,
            11,
            1.11111,
            13.44444
          ],
          "texture": "#0"
        },
        "east": {
          "uv": [
            0.88889,
            11,
            1,
            13.44444
          ],
          "texture": "#0"
        },
        "south": {
          "uv": [
            1.22222,
            11,
            1.33333,
            13.44444
          ],
          "texture": "#0"
        },
        "west": {
          "uv": [
            1.11111,
            11,
            1.22222,
            13.44444
          ],
          "texture": "#0"
        }
      }
    },
    {
      "name": "bpanel5",
      "from": [
        15,
        1,
        1.25
      ],
      "to": [
        15.5,
        23,
        1.75
      ],
      "faces": {
        "north": {
          "uv": [
            1.44444,
            8.44444,
            1.55556,
            10.88889
          ],
          "texture": "#0"
        },
        "east": {
          "uv": [
            1.33333,
            8.44444,
            1.44444,
            10.88889
          ],
          "texture": "#0"
        },
        "south": {
          "uv": [
            1.66667,
            8.44444,
            1.77778,
            10.88889
          ],
          "texture": "#0"
        },
        "west": {
          "uv": [
            1.55556,
            8.44444,
            1.66667,
            10.88889
          ],
          "texture": "#0"
        }
      }
    },
    {
      "name": "bpanel6",
      "from": [
        15,
        1,
        14.25
      ],
      "to": [
        15.5,
        23,
        14.75
      ],
      "faces": {
        "north": {
          "uv": [
            0.11111,
            8.44444,
            0.22222,
            10.88889
          ],
          "texture": "#0"
        },
        "east": {
          "uv": [
            0,
            8.44444,
            0.11111,
            10.88889
          ],
          "texture": "#0"
        },
        "south": {
          "uv": [
            0.33333,
            8.44444,
            0.44444,
            10.88889
          ],
          "texture": "#0"
        },
        "west": {
          "uv": [
            0.22222,
            8.44444,
            0.33333,
            10.88889
          ],
          "texture": "#0"
        }
      }
    },
    {
      "name": "bpanel7",
      "from": [
        14.25,
        1,
        0.5
      ],
      "to": [
        14.75,
        23,
        1
      ],
      "faces": {
        "north": {
          "uv": [
            1,
            8.44444,
            1.11111,
            10.88889
          ],
          "texture": "#0"
        },
        "east": {
          "uv": [
            0.88889,
            8.44444,
            1,
            10.88889
          ],
          "texture": "#0"
        },
        "south": {
          "uv": [
            1.22222,
            8.44444,
            1.33333,
            10.88889
          ],
          "texture": "#0"
        },
        "west": {
          "uv": [
            1.11111,
            8.44444,
            1.22222,
            10.88889
          ],
          "texture": "#0"
        }
      }
    },
    {
      "name": "bpanel8",
      "from": [
        1.25,
        1,
        0.5
      ],
      "to": [
        1.75,
        23,
        1
      ],
      "faces": {
        "north": {
          "uv": [
            0.55556,
            8.44444,
            0.66667,
            10.88889
          ],
          "texture": "#0"
        },
        "east": {
          "uv": [
            0.44444,
            8.44444,
            0.55556,
            10.88889
          ],
          "texture": "#0"
        },
        "south": {
          "uv": [
            0.77778,
            8.44444,
            0.88889,
            10.88889
          ],
          "texture": "#0"
        },
        "west": {
          "uv": [
            0.66667,
            8.44444,
            0.77778,
            10.88889
          ],
          "texture": "#0"
        }
      }
    },
    {
      "name": "base1",
      "from": [
        0,
        0,
        0
      ],
      "to": [
        1,
        1,
        16
      ],
      "faces": {
        "north": {
          "uv": [
            1.77778,
            6.11111,
            1.88889,
            6.22222
          ],
          "texture": "#0"
        },
        "east": {
          "uv": [
            0,
            6.11111,
            1.77778,
            6.22222
          ],
          "texture": "#0"
        },
        "south": {
          "uv": [
            3.66667,
            6.11111,
            3.77778,
            6.22222
          ],
          "texture": "#0"
        },
        "west": {
          "uv": [
            1.88889,
            6.11111,
            3.66667,
            6.22222
          ],
          "texture": "#0"
        },
        "up": {
          "uv": [
            1.88889,
            6.11111,
            1.77778,
            4.33333
          ],
          "texture": "#0"
        },
        "down": {
          "uv": [
            2,
            4.33333,
            1.88889,
            6.11111
          ],
          "texture": "#0"
        }
      }
    },
    {
      "name": "base2",
      "from": [
        15,
        0,
        0
      ],
      "to": [
        16,
        1,
        16
      ],
      "faces": {
        "north": {
          "uv": [
            5.55556,
            6.11111,
            5.66667,
            6.22222
          ],
          "texture": "#0"
        },
        "east": {
          "uv": [
            3.77778,
            6.11111,
            5.55556,
            6.22222
          ],
          "texture": "#0"
        },
        "south": {
          "uv": [
            7.44444,
            6.11111,
            7.55556,
            6.22222
          ],
          "texture": "#0"
        },
        "west": {
          "uv": [
            5.66667,
            6.11111,
            7.44444,
            6.22222
          ],
          "texture": "#0"
        },
        "up": {
          "uv": [
            5.66667,
            6.11111,
            5.55556,
            4.33333
          ],
          "texture": "#0"
        },
        "down": {
          "uv": [
            5.77778,
            4.33333,
            5.66667,
            6.11111
          ],
          "texture": "#0"
        }
      }
    },
    {
      "name": "base3",
      "from": [
        1,
        0,
        0
      ],
      "to": [
        15,
        1,
        1
      ],
      "faces": {
        "north": {
          "uv": [
            6.77778,
            8.11111,
            8.33333,
            8.22222
          ],
          "texture": "#0"
        },
        "south": {
          "uv": [
            8.44444,
            8.11111,
            10,
            8.22222
          ],
          "texture": "#0"
        },
        "up": {
          "uv": [
            8.33333,
            8.11111,
            6.77778,
            8
          ],
          "texture": "#0"
        },
        "down": {
          "uv": [
            9.88889,
            8,
            8.33333,
            8.11111
          ],
          "texture": "#0"
        }
      }
    },
    {
      "name": "base4",
      "from": [
        1,
        0,
        15
      ],
      "to": [
        15,
        1,
        16
      ],
      "faces": {
        "north": {
          "uv": [
            3.44444,
            8.11111,
            5,
            8.22222
          ],
          "texture": "#0"
        },
        "south": {
          "uv": [
            5.11111,
            8.11111,
            6.66667,
            8.22222
          ],
          "texture": "#0"
        },
        "up": {
          "uv": [
            5,
            8.11111,
            3.44444,
            8
          ],
          "texture": "#0"
        },
        "down": {
          "uv": [
            6.55556,
            8,
            5,
            8.11111
          ],
          "texture": "#0"
        }
      }
    }
  ],
  "display": {
    "thirdperson_righthand": {
      "rotation": [
        68,
        3,
        0
      ],
      "translation": [
        -6,
        -7,
        -2
      ],
      "scale": [
        1.225,
        1.225,
        1.225
      ]
    },
    "thirdperson_lefthand": {
      "rotation": [
        68,
        3,
        0
      ],
      "translation": [
        -6,
        -7,
        -2
      ],
      "scale": [
        1.225,
        1.225,
        1.225
      ]
    },
    "firstperson_righthand": {
      "rotation": [
        8,
        11,
        6
      ],
      "translation": [
        -1,
        12,
        4.5
      ],
      "scale": [
        0.05,
        0.05,
        0.05
      ]
    },
    "firstperson_lefthand": {
      "rotation": [
        8,
        11,
        6
      ],
      "translation": [
        -1,
        12,
        4.5
      ],
      "scale": [
        0.05,
        0.05,
        0.05
      ]
    },
    "ground": {
      "translation": [
        0,
        5,
        0
      ],
      "scale": [
        1.3,
        1.3,
        1.3
      ]
    },
    "gui": {
      "rotation": [
        -4,
        -17,
        -27
      ],
      "translation": [
        -1,
        -3,
        -3
      ],
      "scale": [
        0.45,
        0.4,
        0.625
      ]
    },
    "head": {
      "rotation": [
        9,
        0,
        1
      ],
      "translation": [
        0,
        13.5,
        0
      ],
      "scale": [
        0,
        0.35,
        0
      ]
    },
    "fixed": {
      "translation": [
        0,
        -4.5,
        -2
      ],
      "scale": [
        0.7,
        0.6,
        0.825
      ]
    }
  },
  "groups": [
    {
      "name": "light",
      "origin": [
        0,
        0,
        0
      ],
      "color": 0,
      "children": [
        0,
        1,
        2,
        3
      ]
    },
    {
      "name": "roof",
      "origin": [
        8,
        8,
        8
      ],
      "color": 0,
      "children": [
        4,
        5,
        6,
        7,
        8
      ]
    },
    {
      "name": "sign",
      "origin": [
        0,
        0,
        0
      ],
      "color": 0,
      "children": [
        9,
        10,
        11,
        12
      ]
    },
    {
      "name": "body",
      "origin": [
        0,
        0,
        0
      ],
      "color": 0,
      "children": [
        13,
        14,
        15,
        16,
        17,
        18,
        19,
        20,
        21
      ]
    },
    {
      "name": "base",
      "origin": [
        0,
        0,
        0
      ],
      "color": 0,
      "children": [
        22,
        23,
        24,
        25
      ]
    }
  ]
}