{
	"credit": "Made by NavaRayUK",
	"texture_size": [64, 64],
	"textures": {
		"0": "db:blocks/suger_9"
	},
	"elements": [
		{
			"name": "Cube",
			"from": [6, 9, -2.875],
			"to": [10, 11, 3.125],
			"faces": {
				"north": {"uv": [4.5, 6.75, 5.5, 7.25], "texture": "#0"},
				"east": {"uv": [6.75, 0, 8.25, 0.5], "texture": "#0"},
				"south": {"uv": [7, 6.25, 8, 6.75], "texture": "#0"},
				"west": {"uv": [8.25, 0.75, 6.75, 1.25], "texture": "#0"},
				"up": {"uv": [6.5, 3.5, 5.5, 2], "texture": "#0"},
				"down": {"uv": [2.75, 5.75, 1.75, 7.25], "texture": "#0"}
			}
		},
		{
			"name": "Cube",
			"from": [6, 11, 2.125],
			"to": [10, 12, 3.125],
			"faces": {
				"east": {"uv": [9.5, 3, 9.75, 3.25], "texture": "#0"},
				"south": {"uv": [3.75, 8.25, 4.75, 8.5], "texture": "#0"},
				"west": {"uv": [9.5, 4, 9.75, 4.25], "texture": "#0"},
				"up": {"uv": [6, 8.5, 5, 8.25], "texture": "#0"}
			}
		},
		{
			"name": "Cube",
			"from": [6, 11, -0.875],
			"to": [10, 13, 2.125],
			"faces": {
				"north": {"uv": [7, 7, 8, 7.5], "texture": "#0"},
				"east": {"uv": [4.5, 2, 5.25, 2.5], "texture": "#0"},
				"south": {"uv": [1.5, 7.5, 2.5, 8], "texture": "#0"},
				"west": {"uv": [4.5, 7.5, 5.25, 8], "texture": "#0"},
				"up": {"uv": [7.75, 2.25, 6.75, 1.5], "texture": "#0"}
			}
		},
		{
			"name": "rightear",
			"from": [8.75, 13, 1.125],
			"to": [9.75, 14, 1.125],
			"rotation": {"angle": 22.5, "axis": "y", "origin": [9.75, 13, 1]},
			"faces": {
				"north": {"uv": [0, 11, 1, 12], "texture": "#0"},
				"south": {"uv": [0, 11, 1, 12], "texture": "#0"}
			}
		},
		{
			"name": "leftear",
			"from": [6.25, 13, 1.125],
			"to": [7.25, 14, 1.125],
			"rotation": {"angle": -22.5, "axis": "y", "origin": [6.25, 13, 1]},
			"faces": {
				"north": {"uv": [0, 11, 1, 12], "texture": "#0"},
				"south": {"uv": [0, 11, 1, 12], "texture": "#0"}
			}
		},
		{
			"name": "neck",
			"from": [7, 7, 3],
			"to": [9, 12, 4],
			"rotation": {"angle": -45, "axis": "x", "origin": [8, 8, 5]},
			"faces": {
				"north": {"uv": [3, 6.75, 3.5, 8], "texture": "#0"},
				"east": {"uv": [5.75, 6.75, 6, 8], "texture": "#0"},
				"south": {"uv": [3.75, 6.75, 4.25, 8], "texture": "#0"},
				"west": {"uv": [6.25, 8, 6.5, 9.25], "texture": "#0"}
			}
		},
		{
			"name": "eye",
			"from": [7.5, 11.5, -1.1],
			"to": [8.5, 12.5, -0.85],
			"rotation": {"angle": 22.5, "axis": "x", "origin": [8, 11.5, -1]},
			"faces": {
				"north": {"uv": [3, 7.5, 3.25, 7.75], "texture": "#0"},
				"east": {"uv": [0, 0, 0.0625, 0.25], "texture": "#0"},
				"south": {"uv": [1, 1, 1.25, 1.25], "texture": "#0"},
				"west": {"uv": [0, 0, 0.0625, 0.25], "texture": "#0"},
				"up": {"uv": [0, 0, 0.25, 0.0625], "texture": "#0"},
				"down": {"uv": [0, 0, 0.25, 0.0625], "texture": "#0"}
			}
		},
		{
			"name": "Cube",
			"from": [5, 5, 4],
			"to": [11, 8, 12],
			"faces": {
				"north": {"uv": [3, 5.75, 4.5, 6.5], "texture": "#0"},
				"east": {"uv": [4.5, 0, 6.5, 0.75], "texture": "#0"},
				"south": {"uv": [4.75, 5.75, 6.25, 6.5], "texture": "#0"},
				"west": {"uv": [4.5, 1, 6.5, 1.75], "texture": "#0"},
				"up": {"uv": [1.5, 6.25, 0, 4.25], "texture": "#0"}
			}
		},
		{
			"name": "Cube",
			"from": [4, 0, 3],
			"to": [12, 5, 13],
			"faces": {
				"north": {"uv": [1.75, 4.25, 3.75, 5.5], "texture": "#0"},
				"east": {"uv": [0, 2.75, 2.5, 4], "texture": "#0"},
				"south": {"uv": [4, 4.25, 6, 5.5], "texture": "#0"},
				"west": {"uv": [2.75, 2.75, 5.25, 4], "texture": "#0"},
				"up": {"uv": [2, 2.5, 0, 0], "texture": "#0"},
				"down": {"uv": [4.25, 0, 2.25, 2.5], "texture": "#0"}
			}
		},
		{
			"name": "Cube",
			"from": [3, 0, 2],
			"to": [4, 1, 14],
			"faces": {
				"north": {"uv": [0, 9, 0.5, 9.5], "texture": "#0"},
				"south": {"uv": [0, 9, 0.5, 9.5], "texture": "#0"},
				"west": {"uv": [0.5, 9.5, 0, 6.5], "rotation": 90, "texture": "#0"},
				"up": {"uv": [0.5, 9.5, 0, 6.5], "texture": "#0"},
				"down": {"uv": [0.5, 9.5, 0, 6.5], "texture": "#0"}
			}
		},
		{
			"name": "Cube",
			"from": [6.005, 8, 4.4],
			"to": [9.995, 9, 5.4],
			"rotation": {"angle": -45, "axis": "x", "origin": [8, 9, 5.4]},
			"faces": {
				"east": {"uv": [9.5, 6.5, 9.75, 6.75], "texture": "#0"},
				"south": {"uv": [8.5, 0.5, 9.5, 0.75], "texture": "#0"},
				"west": {"uv": [9.5, 7, 9.75, 7.25], "texture": "#0"}
			}
		},
		{
			"name": "Cube",
			"from": [4, 0, 2],
			"to": [12, 1, 3],
			"faces": {
				"north": {"uv": [0.5, 8.5, 0, 6.5], "rotation": 90, "texture": "#0"},
				"up": {"uv": [0.5, 8.5, 0, 6.5], "rotation": 90, "texture": "#0"},
				"down": {"uv": [0.5, 8.5, 0, 6.5], "rotation": 90, "texture": "#0"}
			}
		},
		{
			"name": "Cube",
			"from": [12, 0, 2],
			"to": [13, 1, 14],
			"faces": {
				"north": {"uv": [0, 9, 0.5, 9.5], "texture": "#0"},
				"east": {"uv": [0.5, 9.5, 0, 6.5], "rotation": 90, "texture": "#0"},
				"south": {"uv": [0, 9, 0.5, 9.5], "texture": "#0"},
				"up": {"uv": [0.5, 9.5, 0, 6.5], "texture": "#0"},
				"down": {"uv": [0.5, 9.5, 0, 6.5], "texture": "#0"}
			}
		},
		{
			"name": "Cube",
			"from": [4, 0, 13],
			"to": [12, 1, 14],
			"faces": {
				"south": {"uv": [0.5, 8.5, 0, 6.5], "rotation": 90, "texture": "#0"},
				"up": {"uv": [0.5, 8.5, 0, 6.5], "rotation": 90, "texture": "#0"},
				"down": {"uv": [0.5, 8.5, 0, 6.5], "rotation": 90, "texture": "#0"}
			}
		},
		{
			"name": "Cube",
			"from": [6, 8, 4.4],
			"to": [10, 9, 5.4],
			"rotation": {"angle": 0, "axis": "y", "origin": [0, 0, -0.6]},
			"faces": {
				"north": {"uv": [6.75, 8.25, 7.75, 8.5], "texture": "#0"},
				"east": {"uv": [9.5, 6, 9.75, 6.25], "texture": "#0"},
				"west": {"uv": [6.25, 9.5, 6.5, 9.75], "texture": "#0"},
				"up": {"uv": [9.25, 7.5, 8.25, 7.25], "texture": "#0"}
			}
		},
		{
			"name": "Cube",
			"from": [6.005, 7.0029, 4.4],
			"to": [9.995, 8.0029, 5.4],
			"rotation": {"angle": -45, "axis": "x", "origin": [8, 9, 5.4]},
			"faces": {
				"east": {"uv": [0, 9.75, 0.25, 10], "texture": "#0"},
				"south": {"uv": [3.75, 8.75, 4.75, 9], "texture": "#0"},
				"west": {"uv": [9.75, 0, 10, 0.25], "texture": "#0"}
			}
		},
		{
			"name": "Cube",
			"from": [6.5, 7, 17],
			"to": [9.5, 8, 18],
			"rotation": {"angle": -22.5, "axis": "x", "origin": [8, 7, 12]},
			"faces": {
				"north": {"uv": [8, 8.75, 8.75, 9], "texture": "#0"},
				"east": {"uv": [9.75, 1, 10, 1.25], "texture": "#0"},
				"south": {"uv": [9, 8.75, 9.75, 9], "texture": "#0"},
				"west": {"uv": [1.5, 9.75, 1.75, 10], "texture": "#0"},
				"up": {"uv": [3.25, 9.5, 2.5, 9.25], "texture": "#0"},
				"down": {"uv": [4.25, 9.25, 3.5, 9.5], "texture": "#0"}
			}
		},
		{
			"name": "Cube",
			"from": [8.5, 7, 15],
			"to": [9.5, 8, 17],
			"rotation": {"angle": -22.5, "axis": "x", "origin": [8, 7, 12]},
			"faces": {
				"north": {"uv": [1, 9.75, 1.25, 10], "texture": "#0"},
				"east": {"uv": [6.75, 9.25, 7.25, 9.5], "texture": "#0"},
				"west": {"uv": [7.5, 9.25, 8, 9.5], "texture": "#0"},
				"up": {"uv": [6, 9.75, 5.75, 9.25], "texture": "#0"},
				"down": {"uv": [9.5, 7.75, 9.25, 8.25], "texture": "#0"}
			}
		},
		{
			"name": "Cube",
			"from": [6.5, 7, 15],
			"to": [7.5, 8, 17],
			"rotation": {"angle": -22.5, "axis": "x", "origin": [8, 7, 12]},
			"faces": {
				"north": {"uv": [9.75, 0.5, 10, 0.75], "texture": "#0"},
				"east": {"uv": [4.5, 9.25, 5, 9.5], "texture": "#0"},
				"west": {"uv": [9.25, 4.75, 9.75, 5], "texture": "#0"},
				"up": {"uv": [5.5, 9.75, 5.25, 9.25], "texture": "#0"},
				"down": {"uv": [9.5, 5.25, 9.25, 5.75], "texture": "#0"}
			}
		},
		{
			"name": "Cube",
			"from": [7.5, 7, 11],
			"to": [8.5, 8, 16],
			"rotation": {"angle": -22.5, "axis": "x", "origin": [8, 7, 12]},
			"faces": {
				"east": {"uv": [8, 2.5, 9.25, 2.75], "texture": "#0"},
				"south": {"uv": [0.5, 9.75, 0.75, 10], "texture": "#0"},
				"west": {"uv": [8, 3, 9.25, 3.25], "texture": "#0"},
				"up": {"uv": [1.75, 9.5, 1.5, 8.25], "texture": "#0"},
				"down": {"uv": [2.25, 8.25, 2, 9.5], "texture": "#0"}
			}
		}
	],
	"groups": [
		{
			"name": "head",
			"origin": [8, 8, 5],
			"color": 0,
			"children": [0, 1, 2, 3, 4, 5, 6]
		},
		{
			"name": "body",
			"origin": [8, 9, 6],
			"color": 0,
			"children": [7, 8, 9, 10, 11, 12, 13, 14, 15]
		},
		{
			"name": "tail",
			"origin": [8, 7, 12],
			"color": 0,
			"children": [16, 17, 18, 19]
		}
	]
}