{
	"credit": "Made by NavaRayUK",
	"parent": "item/generated",
	"textures": {
		"layer0": "db:items/blueboxkey"
	},
	"display": {
		"thirdperson_righthand": {
			"rotation": [60, 91, -54],
			"translation": [0.25, 2, -2.75],
			"scale": [0.7, 0.7, 0.7]
		},
		"thirdperson_lefthand": {
			"rotation": [-159, -92, -158],
			"translation": [0.25, 2, -2.75],
			"scale": [0.7, 0.7, 0.7]
		},
		"firstperson_righthand": {
			"rotation": [-18, 121, -10],
			"translation": [0.25, 2.5, 0]
		},
		"firstperson_lefthand": {
			"rotation": [-18, -53, -10],
			"translation": [0.25, 2.5, 0]
		},
		"ground": {
			"translation": [0, 2.5, 0]
		},
		"gui": {
			"rotation": [0, 180, 1]
		},
		"head": {
			"translation": [0.25, 5, -6.75],
			"scale": [0.3, 0.3, 0.3]
		}
	}
}