{
  "_fv": 33,
  "_type": "recipe",
  "definition": {
    "recipeType": "Crafting",
    "xpReward": 0.0,
    "cookingTime": 200,
    "recipeRetstackSize": 1,
    "group": "",
    "recipeShapeless": false,
    "recipeSlots": [
      {
        "value": "CUSTOM:PandoramCaneIngot"
      },
      {
        "value": "CUSTOM:PandoramCaneIngot"
      },
      {
        "value": "CUSTOM:PandoramCaneIngot"
      },
      {
        "value": ""
      },
      {
        "value": "Items.DIAMOND_PICKAXE"
      },
      {
        "value": ""
      },
      {
        "value": ""
      },
      {
        "value": "TAG:forge:stick"
      },
      {
        "value": ""
      }
    ],
    "recipeReturnStack": {
      "value": "CUSTOM:PandoramPickaxe"
    },
    "name": "pandoram_pickaxe_recipe",
    "namespace": "mod"
  }
}