{
  "_fv": 33,
  "_type": "tool",
  "definition": {
    "renderType": 1,
    "texture": "reed_candy_staff",
    "customModelName": "qu_keyblade:default",
    "name": "The Shopkeepers Keyblade",
    "specialInfo": [
      "The Shopkeeper is a",
      "big kingdom of",
      "hearts fan"
    ],
    "creativeTab": {
      "value": "CUSTOM:DBWeapons"
    },
    "toolType": "Sword",
    "harvestLevel": 4,
    "efficiency": 30.0,
    "attackSpeed": 2.2,
    "enchantability": 30,
    "damageVsEntity": 20.0,
    "usageCount": 10000,
    "blocksAffected": [],
    "hasGlow": false,
    "repairItems": [
      {
        "value": "CUSTOM:QuantumCrystal"
      }
    ],
    "immuneToFire": true,
    "stayInGridWhenCrafting": false,
    "damageOnCrafting": false,
    "onCrafted": {
      "name": "CaneOfQuantumItemIsCraftedsmelted"
    }
  }
}