{
  "_fv": 33,
  "_type": "recipe",
  "definition": {
    "recipeType": "Crafting",
    "xpReward": 0.0,
    "cookingTime": 200,
    "recipeRetstackSize": 1,
    "group": "",
    "recipeShapeless": false,
    "recipeSlots": [
      {
        "value": "CUSTOM:QuantumNugget"
      },
      {
        "value": "CUSTOM:QuantumNugget"
      },
      {
        "value": "CUSTOM:QuantumNugget"
      },
      {
        "value": "CUSTOM:QuantumNugget"
      },
      {
        "value": "TAG:forge:gems/diamond"
      },
      {
        "value": "CUSTOM:QuantumNugget"
      },
      {
        "value": "CUSTOM:QuantumNugget"
      },
      {
        "value": "CUSTOM:QuantumNugget"
      },
      {
        "value": "CUSTOM:QuantumNugget"
      }
    ],
    "recipeReturnStack": {
      "value": "CUSTOM:QuantumCrystal"
    },
    "name": "quantum_crystal_recipe",
    "namespace": "mod"
  }
}