{
  "_fv": 33,
  "_type": "recipe",
  "definition": {
    "recipeType": "Crafting",
    "xpReward": 0.0,
    "cookingTime": 200,
    "recipeRetstackSize": 1,
    "group": "",
    "recipeShapeless": false,
    "recipeSlots": [
      {
        "value": "Blocks.REEDS"
      },
      {
        "value": "Blocks.CHEST"
      },
      {
        "value": "Blocks.REEDS"
      },
      {
        "value": "TAG:forge:stick"
      },
      {
        "value": "Items.DIAMOND"
      },
      {
        "value": "TAG:forge:stick"
      },
      {
        "value": "Blocks.REEDS"
      },
      {
        "value": "TAG:forge:stick"
      },
      {
        "value": "Blocks.REEDS"
      }
    ],
    "recipeReturnStack": {
      "value": "CUSTOM:ThePostManTardisKey"
    },
    "name": "strange_key_recipe",
    "namespace": "mod"
  }
}