{
  "_fv": 33,
  "_type": "recipe",
  "definition": {
    "recipeType": "Crafting",
    "xpReward": 0.0,
    "cookingTime": 200,
    "recipeRetstackSize": 1,
    "group": "",
    "recipeShapeless": false,
    "recipeSlots": [
      {
        "value": "CUSTOM:SweetCane"
      },
      {
        "value": "CUSTOM:SweetCane"
      },
      {
        "value": "CUSTOM:SweetCane"
      },
      {
        "value": "CUSTOM:SweetCane"
      },
      {
        "value": "Items.GLASS_BOTTLE"
      },
      {
        "value": "CUSTOM:SweetCane"
      },
      {
        "value": "CUSTOM:SweetCane"
      },
      {
        "value": "CUSTOM:SweetCane"
      },
      {
        "value": "CUSTOM:SweetCane"
      }
    ],
    "recipeReturnStack": {
      "value": "CUSTOM:SugarcaneAndBottle"
    },
    "name": "sugarcane_and_bottle_recipe",
    "namespace": "mod"
  }
}