{
	"credit": "Made by NavaRayUK",
	"ambientocclusion": false,
	"textures": {
		"0": "computer_tardis_screen",
		"2": "computer_panel_uv_a",
		"particle": "computer_tardis_screen"
	},
	"elements": [
		{
			"from": [11, 4, 5.975],
			"to": [16, 4, 15.975],
			"rotation": {"angle": -22.5, "axis": "x", "origin": [8, 2, 16]},
			"faces": {
				"north": {"uv": [8.5, 2.25, 9.75, 2.25], "texture": "#0"},
				"east": {"uv": [8.5, 7.5, 11, 7.5], "texture": "#0"},
				"south": {"uv": [8.5, 7.75, 9.75, 7.75], "texture": "#0"},
				"west": {"uv": [8.5, 8, 11, 8], "texture": "#0"},
				"up": {"uv": [5.5, 5, 4.25, 2.5], "texture": "#0"},
				"down": {"uv": [5.5, 5.25, 4.25, 7.75], "texture": "#0"}
			}
		},
		{
			"from": [5, 4, 13.975],
			"to": [11, 4, 15.975],
			"rotation": {"angle": -22.5, "axis": "x", "origin": [8, 2, 16]},
			"faces": {
				"north": {"uv": [9, 4.25, 10.5, 4.25], "texture": "#0"},
				"east": {"uv": [3.5, 8.5, 4, 8.5], "texture": "#0"},
				"south": {"uv": [9, 4.5, 10.5, 4.5], "texture": "#0"},
				"west": {"uv": [3.5, 8.75, 4, 8.75], "texture": "#0"},
				"up": {"uv": [7, 8.5, 5.5, 8], "texture": "#0"},
				"down": {"uv": [1.5, 8.5, 0, 9], "texture": "#0"}
			}
		},
		{
			"from": [0, 4, 5.975],
			"to": [5, 4, 15.975],
			"rotation": {"angle": -22.5, "axis": "x", "origin": [8, 2, 16]},
			"faces": {
				"north": {"uv": [9, 3.25, 10.25, 3.25], "texture": "#0"},
				"east": {"uv": [9, 3.5, 11.5, 3.5], "texture": "#0"},
				"south": {"uv": [9, 3.75, 10.25, 3.75], "texture": "#0"},
				"west": {"uv": [9, 4, 11.5, 4], "texture": "#0"},
				"up": {"uv": [7, 5, 5.75, 2.5], "texture": "#0"},
				"down": {"uv": [7, 5.25, 5.75, 7.75], "texture": "#0"}
			}
		},
		{
			"from": [0, 0.01, 0],
			"to": [16, 0.01, 16],
			"rotation": {"angle": 0, "axis": "y", "origin": [8, 0, 16]},
			"faces": {
				"north": {"uv": [8.5, 8.25, 12.5, 8.25], "texture": "#0"},
				"east": {"uv": [8.5, 8.5, 12.5, 8.5], "texture": "#0"},
				"south": {"uv": [5.5, 8.75, 9.5, 8.75], "texture": "#0"},
				"west": {"uv": [9, 2.5, 13, 2.5], "texture": "#0"},
				"up": {"uv": [4, 4, 0, 0], "texture": "#0"},
				"down": {"uv": [4, 4.25, 0, 8.25], "texture": "#0"}
			}
		},
		{
			"from": [0, 0.25, 15.75],
			"to": [16, 4.25, 15.75],
			"rotation": {"angle": -45, "axis": "x", "origin": [8, 0, 16]},
			"faces": {
				"north": {"uv": [4.25, 0, 8.25, 1], "texture": "#0"},
				"east": {"uv": [3, 8.5, 3, 9.5], "texture": "#0"},
				"south": {"uv": [4.25, 1.25, 8.25, 2.25], "texture": "#0"},
				"west": {"uv": [3.25, 8.5, 3.25, 9.5], "texture": "#0"},
				"up": {"uv": [13, 2.75, 9, 2.75], "texture": "#0"},
				"down": {"uv": [13, 3, 9, 3], "texture": "#0"}
			}
		},
		{
			"from": [5, 0.025, 10],
			"to": [11, 4, 14],
			"faces": {
				"north": {"uv": [7.25, 2.5, 8.75, 3.5], "texture": "#0"},
				"east": {"uv": [7.25, 7.5, 8.25, 8.5], "texture": "#0"},
				"south": {"uv": [7.25, 3.75, 8.75, 4.75], "texture": "#0"},
				"west": {"uv": [4.25, 8, 5.25, 9], "texture": "#0"},
				"up": {"uv": [8.75, 6, 7.25, 5], "texture": "#0"},
				"down": {"uv": [8.75, 6.25, 7.25, 7.25], "texture": "#0"}
			}
		},
		{
			"from": [11, 0, 6],
			"to": [11, 2, 10],
			"faces": {
				"north": {"uv": [3.5, 9, 3.5, 9.5], "texture": "#0"},
				"south": {"uv": [3.75, 9, 3.75, 9.5], "texture": "#0"},
				"west": {"uv": [8.5, 0.75, 9.5, 1.25], "texture": "#0"},
				"up": {"uv": [4, 10, 4, 9], "texture": "#0"},
				"down": {"uv": [9, 4.75, 9, 5.75], "texture": "#0"}
			}
		},
		{
			"from": [5, 0, 6],
			"to": [5, 2, 10],
			"faces": {
				"north": {"uv": [5.5, 9, 5.5, 9.5], "texture": "#0"},
				"east": {"uv": [8.5, 1.5, 9.5, 2], "texture": "#0"},
				"south": {"uv": [5.75, 9, 5.75, 9.5], "texture": "#0"},
				"up": {"uv": [6, 10, 6, 9], "texture": "#0"},
				"down": {"uv": [9, 6, 9, 7], "texture": "#0"}
			}
		},
		{
			"from": [9.25, 0, 6.75],
			"to": [9.75, 0.25, 7.25],
			"faces": {
				"north": {"uv": [1.5625, 2.1875, 1.6875, 2.25], "texture": "#0"},
				"east": {"uv": [1.5625, 2.25, 1.6875, 2.3125], "texture": "#0"},
				"south": {"uv": [1.5625, 2.1875, 1.6875, 2.25], "texture": "#0"},
				"west": {"uv": [1.5625, 2.25, 1.6875, 2.3125], "texture": "#0"},
				"up": {"uv": [1.6875, 2.3125, 1.5625, 2.1875], "texture": "#0"}
			}
		},
		{
			"from": [2.5, 0, 2.75],
			"to": [3, 0.25, 3.25],
			"faces": {
				"north": {"uv": [1.5625, 2.1875, 1.6875, 2.25], "texture": "#0"},
				"east": {"uv": [1.5625, 2.25, 1.6875, 2.3125], "texture": "#0"},
				"south": {"uv": [1.5625, 2.1875, 1.6875, 2.25], "texture": "#0"},
				"west": {"uv": [1.5625, 2.25, 1.6875, 2.3125], "texture": "#0"},
				"up": {"uv": [1.6875, 2.3125, 1.5625, 2.1875], "texture": "#0"}
			}
		},
		{
			"from": [3.5, 0, 2.75],
			"to": [4, 0.25, 3.25],
			"faces": {
				"north": {"uv": [1.5625, 2.1875, 1.6875, 2.25], "texture": "#0"},
				"east": {"uv": [1.5625, 2.25, 1.6875, 2.3125], "texture": "#0"},
				"south": {"uv": [1.5625, 2.1875, 1.6875, 2.25], "texture": "#0"},
				"west": {"uv": [1.5625, 2.25, 1.6875, 2.3125], "texture": "#0"},
				"up": {"uv": [1.6875, 2.3125, 1.5625, 2.1875], "texture": "#0"}
			}
		},
		{
			"from": [4.5, 0, 2.75],
			"to": [5, 0.25, 3.25],
			"faces": {
				"north": {"uv": [1.5625, 2.1875, 1.6875, 2.25], "texture": "#0"},
				"east": {"uv": [1.5625, 2.25, 1.6875, 2.3125], "texture": "#0"},
				"south": {"uv": [1.5625, 2.1875, 1.6875, 2.25], "texture": "#0"},
				"west": {"uv": [1.5625, 2.25, 1.6875, 2.3125], "texture": "#0"},
				"up": {"uv": [1.6875, 2.3125, 1.5625, 2.1875], "texture": "#0"}
			}
		},
		{
			"from": [8.25, 0, 6.75],
			"to": [8.75, 0.25, 7.25],
			"faces": {
				"north": {"uv": [1.5625, 2.1875, 1.6875, 2.25], "texture": "#0"},
				"east": {"uv": [1.5625, 2.25, 1.6875, 2.3125], "texture": "#0"},
				"south": {"uv": [1.5625, 2.1875, 1.6875, 2.25], "texture": "#0"},
				"west": {"uv": [1.5625, 2.25, 1.6875, 2.3125], "texture": "#0"},
				"up": {"uv": [1.6875, 2.3125, 1.5625, 2.1875], "texture": "#0"}
			}
		},
		{
			"from": [7.25, 0, 6.75],
			"to": [7.75, 0.25, 7.25],
			"faces": {
				"north": {"uv": [1.5625, 2.1875, 1.6875, 2.25], "texture": "#0"},
				"east": {"uv": [1.5625, 2.25, 1.6875, 2.3125], "texture": "#0"},
				"south": {"uv": [1.5625, 2.1875, 1.6875, 2.25], "texture": "#0"},
				"west": {"uv": [1.5625, 2.25, 1.6875, 2.3125], "texture": "#0"},
				"up": {"uv": [1.6875, 2.3125, 1.5625, 2.1875], "texture": "#0"}
			}
		},
		{
			"from": [5.75, 0, 6.75],
			"to": [6.25, 0.25, 7.25],
			"faces": {
				"up": {"uv": [2.5625, 2.3125, 2.4375, 2.1875], "texture": "#0"}
			}
		},
		{
			"from": [6.25, 0, 6.75],
			"to": [6.5, 0.25, 7.25],
			"faces": {
				"north": {"uv": [2.4375, 2.3125, 2.375, 2.1875], "texture": "#0"},
				"east": {"uv": [2.4375, 2.3125, 2.375, 2.1875], "texture": "#0"},
				"south": {"uv": [2.4375, 2.3125, 2.375, 2.1875], "texture": "#0"},
				"up": {"uv": [2.4375, 2.3125, 2.375, 2.1875], "texture": "#0"}
			}
		},
		{
			"from": [5.5, 0, 6.75],
			"to": [5.75, 0.25, 7.25],
			"faces": {
				"north": {"uv": [2.4375, 2.3125, 2.375, 2.1875], "texture": "#0"},
				"south": {"uv": [2.4375, 2.3125, 2.375, 2.1875], "texture": "#0"},
				"west": {"uv": [2.4375, 2.3125, 2.375, 2.1875], "texture": "#0"},
				"up": {"uv": [2.4375, 2.3125, 2.375, 2.1875], "texture": "#0"}
			}
		},
		{
			"from": [5.75, 0, 6.5],
			"to": [6.25, 0.25, 6.75],
			"faces": {
				"north": {"uv": [2.4375, 2.3125, 2.375, 2.1875], "texture": "#0"},
				"east": {"uv": [2.4375, 2.3125, 2.375, 2.1875], "texture": "#0"},
				"south": {"uv": [2.4375, 2.3125, 2.375, 2.1875], "texture": "#0"},
				"west": {"uv": [2.4375, 2.3125, 2.375, 2.1875], "texture": "#0"},
				"up": {"uv": [2.4375, 2.3125, 2.375, 2.1875], "texture": "#0"}
			}
		},
		{
			"from": [13.25, 0, 2.5],
			"to": [14, 1, 3.5],
			"faces": {
				"north": {"uv": [9.25, 2.9375, 9.4375, 3.1875], "texture": "#0"},
				"east": {"uv": [8.9375, 2.625, 9.1875, 2.875], "texture": "#0"},
				"south": {"uv": [9.25, 2.9375, 9.4375, 3.1875], "texture": "#0"},
				"west": {"uv": [9.5625, 2.625, 9.8125, 2.875], "texture": "#0"},
				"up": {"uv": [9.25, 2.9375, 9.4375, 3.1875], "texture": "#0"}
			}
		},
		{
			"from": [14, 0.75, 2.875],
			"to": [14.25, 1.75, 3.125],
			"faces": {
				"north": {"uv": [0, 3.25, 0.0625, 3.5], "texture": "#0"},
				"east": {"uv": [0, 3.25, 0.0625, 3.5], "texture": "#0"},
				"south": {"uv": [0, 3.25, 0.0625, 3.5], "texture": "#0"},
				"west": {"uv": [0, 3.25, 0.0625, 3.5], "texture": "#0"},
				"up": {"uv": [0, 2.9375, 0.0625, 3], "texture": "#0"},
				"down": {"uv": [0, 2.9375, 0.0625, 3], "texture": "#0"}
			}
		},
		{
			"from": [13, 0.75, 2.875],
			"to": [13.25, 1.75, 3.125],
			"faces": {
				"north": {"uv": [0, 3.25, 0.0625, 3.5], "texture": "#0"},
				"east": {"uv": [0, 3.25, 0.0625, 3.5], "texture": "#0"},
				"south": {"uv": [0, 3.25, 0.0625, 3.5], "texture": "#0"},
				"west": {"uv": [0, 3.25, 0.0625, 3.5], "texture": "#0"},
				"up": {"uv": [0, 2.9375, 0.0625, 3], "texture": "#0"},
				"down": {"uv": [0, 2.9375, 0.0625, 3], "texture": "#0"}
			}
		},
		{
			"from": [13.25, 1.45, 2.825],
			"to": [14, 1.8, 3.175],
			"faces": {
				"north": {"uv": [9, 3.875, 9.1875, 3.9625], "texture": "#0"},
				"east": {"uv": [9.4375, 3.6875, 9.525, 3.775], "texture": "#0"},
				"south": {"uv": [9.1875, 3.875, 9, 3.9625], "texture": "#0"},
				"west": {"uv": [9.4375, 3.6875, 9.525, 3.775], "texture": "#0"},
				"up": {"uv": [9, 3.875, 9.1875, 3.9625], "texture": "#0"},
				"down": {"uv": [9, 3.875, 9.1875, 3.9625], "texture": "#0"}
			}
		},
		{
			"from": [12.5, 0.75, 2.875],
			"to": [12.75, 1.75, 3.125],
			"faces": {
				"north": {"uv": [0, 3.25, 0.0625, 3.5], "texture": "#0"},
				"east": {"uv": [0, 3.25, 0.0625, 3.5], "texture": "#0"},
				"south": {"uv": [0, 3.25, 0.0625, 3.5], "texture": "#0"},
				"west": {"uv": [0, 3.25, 0.0625, 3.5], "texture": "#0"},
				"up": {"uv": [0, 2.9375, 0.0625, 3], "texture": "#0"},
				"down": {"uv": [0, 2.9375, 0.0625, 3], "texture": "#0"}
			}
		},
		{
			"from": [11.5, 0.75, 2.875],
			"to": [11.75, 1.75, 3.125],
			"faces": {
				"north": {"uv": [0, 3.25, 0.0625, 3.5], "texture": "#0"},
				"east": {"uv": [0, 3.25, 0.0625, 3.5], "texture": "#0"},
				"south": {"uv": [0, 3.25, 0.0625, 3.5], "texture": "#0"},
				"west": {"uv": [0, 3.25, 0.0625, 3.5], "texture": "#0"},
				"up": {"uv": [0, 2.9375, 0.0625, 3], "texture": "#0"},
				"down": {"uv": [0, 2.9375, 0.0625, 3], "texture": "#0"}
			}
		},
		{
			"from": [11.75, 0, 2.5],
			"to": [12.5, 1, 3.5],
			"faces": {
				"north": {"uv": [9.25, 2.9375, 9.4375, 3.1875], "texture": "#0"},
				"east": {"uv": [8.9375, 2.625, 9.1875, 2.875], "texture": "#0"},
				"south": {"uv": [9.25, 2.9375, 9.4375, 3.1875], "texture": "#0"},
				"west": {"uv": [9.5625, 2.625, 9.8125, 2.875], "texture": "#0"},
				"up": {"uv": [9.25, 2.9375, 9.4375, 3.1875], "texture": "#0"}
			}
		},
		{
			"from": [5.75, 0, 7.25],
			"to": [6.25, 0.25, 7.5],
			"faces": {
				"north": {"uv": [0, 0, 0, 0], "texture": "#0"},
				"east": {"uv": [2.4375, 2.3125, 2.375, 2.1875], "texture": "#0"},
				"south": {"uv": [2.4375, 2.3125, 2.375, 2.1875], "texture": "#0"},
				"west": {"uv": [2.4375, 2.3125, 2.375, 2.1875], "texture": "#0"},
				"up": {"uv": [2.4375, 2.3125, 2.375, 2.1875], "texture": "#0"},
				"down": {"uv": [0, 0, 0, 0], "texture": "#0"}
			}
		},
		{
			"from": [11.75, 1.45, 2.825],
			"to": [12.5, 1.8, 3.175],
			"faces": {
				"north": {"uv": [9, 3.875, 9.1875, 3.9625], "texture": "#0"},
				"east": {"uv": [9.4375, 3.6875, 9.525, 3.775], "texture": "#0"},
				"south": {"uv": [9.1875, 3.875, 9, 3.9625], "texture": "#0"},
				"west": {"uv": [9.4375, 3.6875, 9.525, 3.775], "texture": "#0"},
				"up": {"uv": [9, 3.875, 9.1875, 3.9625], "texture": "#0"},
				"down": {"uv": [9, 3.875, 9.1875, 3.9625], "texture": "#0"}
			}
		},
		{
			"from": [2.75, 0, 4.5],
			"to": [7, 0.05, 4.75],
			"faces": {
				"north": {"uv": [2.3125, 3.0625, 3.375, 3.125], "texture": "#0"},
				"east": {"uv": [2.76563, 3.0625, 2.82813, 3.075], "texture": "#0"},
				"south": {"uv": [2.3125, 3.0625, 3.375, 3.125], "texture": "#0"},
				"up": {"uv": [2.3125, 3.0625, 3.375, 3.125], "texture": "#0"}
			}
		},
		{
			"from": [2.5, 0, 3.5],
			"to": [6.75, 0.05, 3.75],
			"faces": {
				"north": {"uv": [2.3125, 3.0625, 3.375, 3.125], "texture": "#0"},
				"south": {"uv": [2.3125, 3.0625, 3.375, 3.125], "texture": "#0"},
				"west": {"uv": [3.3125, 3.0625, 3.375, 3.075], "texture": "#0"},
				"up": {"uv": [2.3125, 3.0625, 3.375, 3.125], "texture": "#0"}
			}
		},
		{
			"from": [2.5, 0, 3.75],
			"to": [2.75, 0.05, 4.75],
			"faces": {
				"east": {"uv": [3.3125, 2.8125, 3.375, 3.0625], "texture": "#0"},
				"south": {"uv": [3.3125, 2.8125, 3.375, 2.825], "texture": "#0"},
				"west": {"uv": [3.3125, 2.8125, 3.375, 3.0625], "texture": "#0"},
				"up": {"uv": [3.3125, 2.8125, 3.375, 3.0625], "texture": "#0"}
			}
		},
		{
			"from": [6.75, 0, 3.5],
			"to": [7, 0.05, 4.5],
			"faces": {
				"north": {"uv": [3.3125, 2.8125, 3.375, 2.825], "texture": "#0"},
				"east": {"uv": [3.3125, 2.8125, 3.375, 3.0625], "rotation": 90, "texture": "#0"},
				"west": {"uv": [3.3125, 2.8125, 3.375, 3.0625], "texture": "#0"},
				"up": {"uv": [3.3125, 2.8125, 3.375, 3.0625], "texture": "#0"}
			}
		},
		{
			"from": [2.75, 0, 3.75],
			"to": [6.75, 0.025, 4.5],
			"faces": {
				"up": {"uv": [16, 3, 0, 0], "texture": "#2"}
			}
		}
	],
	"display": {
		"thirdperson_righthand": {
			"rotation": [8, 154, 0],
			"translation": [0, 2, -2.25],
			"scale": [0.36, 0.36, 0.36]
		},
		"thirdperson_lefthand": {
			"rotation": [8, 154, 0],
			"translation": [0, 2, -2.25],
			"scale": [0.36, 0.36, 0.36]
		},
		"firstperson_righthand": {
			"rotation": [0, 132, 0],
			"translation": [0, 7.75, 0.75],
			"scale": [0.68, 0.68, 0.68]
		},
		"firstperson_lefthand": {
			"rotation": [0, 132, 0],
			"translation": [0, 7.75, 0.75],
			"scale": [0.68, 0.68, 0.68]
		},
		"ground": {
			"rotation": [-15, -15, 22],
			"translation": [-3, 7.75, -1.75],
			"scale": [0.7, 0.7, 0.7]
		},
		"gui": {
			"rotation": [36, 132, 0],
			"translation": [0, 2.25, 0],
			"scale": [0.69, 0.69, 0.69]
		},
		"head": {
			"translation": [0, 15.25, -0.75]
		},
		"fixed": {
			"rotation": [-71, 0, 0],
			"translation": [0, 2, -5.75],
			"scale": [0.8, 0.8, 0.8]
		}
	},
	"groups": [
		0,
		1,
		2,
		3,
		4,
		5,
		6,
		7,
		8,
		9,
		10,
		11,
		12,
		13,
		14,
		15,
		16,
		17,
		{
			"name": "lever",
			"origin": [0, 0, 0],
			"color": 0,
			"children": [18, 19, 20, 21]
		},
		{
			"name": "lever",
			"origin": [0, 0, 0],
			"color": 0,
			"children": [22, 23, 24, 25, 26]
		},
		{
			"name": "uv",
			"origin": [8, 8, 8],
			"color": 0,
			"children": [27, 28, 29, 30]
		},
		31
	]
}