{
	"credit": "Made by NavaRayUK",
	"ambientocclusion": false,
	"texture_size": [64, 64],
	"textures": {
		"0": "computer_tardis",
		"particle": "computer_tardis"
	},
	"elements": [
		{
			"from": [0, 4, 5.975],
			"to": [16, 4, 15.975],
			"rotation": {"angle": -22.5, "axis": "x", "origin": [8, 2, 16]},
			"faces": {
				"north": {"uv": [0, 8.5, 4, 8.5], "texture": "#0"},
				"east": {"uv": [8.5, 0, 11, 0], "texture": "#0"},
				"south": {"uv": [8.5, 0.25, 12.5, 0.25], "texture": "#0"},
				"west": {"uv": [8.5, 0.5, 11, 0.5], "texture": "#0"},
				"up": {"uv": [8.25, 2.5, 4.25, 0], "texture": "#0"},
				"down": {"uv": [8.25, 2.75, 4.25, 5.25], "texture": "#0"}
			}
		},
		{
			"from": [0, 0.01, 0],
			"to": [16, 0.01, 16],
			"rotation": {"angle": 0, "axis": "y", "origin": [8, 0, 16]},
			"faces": {
				"north": {"uv": [8.5, 0.75, 12.5, 0.75], "texture": "#0"},
				"east": {"uv": [8.5, 1, 12.5, 1], "texture": "#0"},
				"south": {"uv": [8.5, 1.25, 12.5, 1.25], "texture": "#0"},
				"west": {"uv": [8.5, 1.5, 12.5, 1.5], "texture": "#0"},
				"up": {"uv": [4, 4, 0, 0], "texture": "#0"},
				"down": {"uv": [4, 4.25, 0, 8.25], "texture": "#0"}
			}
		},
		{
			"from": [0, 0.25, 15.75],
			"to": [16, 4.25, 15.75],
			"rotation": {"angle": -45, "axis": "x", "origin": [8, 0, 16]},
			"faces": {
				"north": {"uv": [4.25, 5.5, 8.25, 6.5], "texture": "#0"},
				"east": {"uv": [4.25, 8, 4.25, 9], "texture": "#0"},
				"south": {"uv": [4.25, 6.75, 8.25, 7.75], "texture": "#0"},
				"west": {"uv": [4.5, 8, 4.5, 9], "texture": "#0"},
				"up": {"uv": [8.75, 8, 4.75, 8], "texture": "#0"},
				"down": {"uv": [8.75, 8.25, 4.75, 8.25], "texture": "#0"}
			}
		},
		{
			"from": [9, 0, 2],
			"to": [9.75, 0.25, 2.25],
			"faces": {
				"north": {"uv": [1.5625, 3.4375, 1.75, 3.5], "texture": "#0"},
				"east": {"uv": [1.5625, 3.4375, 1.625, 3.5], "texture": "#0"},
				"west": {"uv": [1.6875, 3.4375, 1.75, 3.5], "texture": "#0"},
				"up": {"uv": [1.5625, 3.4375, 1.75, 3.5], "texture": "#0"}
			}
		},
		{
			"from": [12.5, 0, 2],
			"to": [13.25, 0.25, 2.25],
			"faces": {
				"north": {"uv": [0.6875, 3.4375, 0.875, 3.5], "texture": "#0"},
				"east": {"uv": [0.6875, 3.4375, 0.75, 3.5], "texture": "#0"},
				"west": {"uv": [0.8125, 3.4375, 0.875, 3.5], "texture": "#0"},
				"up": {"uv": [0.6875, 3.4375, 0.875, 3.5], "texture": "#0"}
			}
		},
		{
			"from": [8.75, 0, 2.25],
			"to": [10, 0.25, 4.75],
			"faces": {
				"north": {"uv": [1.5, 3.375, 1.8125, 3.4375], "texture": "#0"},
				"east": {"uv": [0.6875, 2.8125, 0.625, 3.4375], "rotation": 90, "texture": "#0"},
				"south": {"uv": [1.5, 2.8125, 1.8125, 2.875], "texture": "#0"},
				"west": {"uv": [0.875, 2.8125, 0.9375, 3.4375], "rotation": 90, "texture": "#0"},
				"up": {"uv": [1.5, 2.8125, 1.8125, 3.4375], "texture": "#0"}
			}
		},
		{
			"from": [12.25, 0, 2.25],
			"to": [13.5, 0.25, 4.75],
			"faces": {
				"north": {"uv": [0.625, 3.375, 0.9375, 3.4375], "texture": "#0"},
				"east": {"uv": [0.6875, 2.8125, 0.625, 3.4375], "rotation": 90, "texture": "#0"},
				"south": {"uv": [0.625, 2.8125, 0.9375, 2.875], "texture": "#0"},
				"west": {"uv": [0.875, 2.8125, 0.9375, 3.4375], "rotation": 90, "texture": "#0"},
				"up": {"uv": [0.625, 2.8125, 0.9375, 3.4375], "texture": "#0"}
			}
		},
		{
			"name": "handle",
			"from": [12, 0, 1.25],
			"to": [13.75, 0.25, 1.75],
			"faces": {
				"north": {"uv": [0.5625, 3.625, 1, 3.6875], "texture": "#0"},
				"east": {"uv": [0.9375, 3.5625, 1, 3.6875], "rotation": 270, "texture": "#0"},
				"south": {"uv": [1, 3.5625, 0.5625, 3.625], "texture": "#0"},
				"west": {"uv": [0.5625, 3.5625, 0.625, 3.6875], "rotation": 90, "texture": "#0"},
				"up": {"uv": [1, 3.6875, 0.5625, 3.5625], "texture": "#0"}
			}
		},
		{
			"name": "handle",
			"from": [8.5, 0, 1.25],
			"to": [10.25, 0.25, 1.75],
			"faces": {
				"north": {"uv": [0.5625, 3.625, 1, 3.6875], "texture": "#0"},
				"east": {"uv": [0.9375, 3.5625, 1, 3.6875], "rotation": 270, "texture": "#0"},
				"south": {"uv": [1, 3.5625, 0.5625, 3.625], "texture": "#0"},
				"west": {"uv": [0.5625, 3.5625, 0.625, 3.6875], "rotation": 90, "texture": "#0"},
				"up": {"uv": [1, 3.6875, 0.5625, 3.5625], "texture": "#0"}
			}
		},
		{
			"name": "slider",
			"from": [4.25, 0, 2.75],
			"to": [5, 0.25, 3.25],
			"faces": {
				"north": {"uv": [2.75, 3.25, 2.9375, 3.3125], "texture": "#0"},
				"east": {"uv": [2.75, 3.3125, 2.8125, 3.1875], "rotation": 90, "texture": "#0"},
				"south": {"uv": [2.75, 3.1875, 2.9375, 3.25], "texture": "#0"},
				"west": {"uv": [2.875, 3.3125, 2.9375, 3.1875], "rotation": 90, "texture": "#0"},
				"up": {"uv": [2.9375, 3.3125, 2.75, 3.1875], "texture": "#0"}
			}
		},
		{
			"name": "slider",
			"from": [5.25, 0, 1],
			"to": [6, 0.25, 1.5],
			"faces": {
				"north": {"uv": [2.5, 3.6875, 2.6875, 3.75], "texture": "#0"},
				"east": {"uv": [2.5, 3.75, 2.5625, 3.625], "rotation": 90, "texture": "#0"},
				"south": {"uv": [2.5, 3.625, 2.6875, 3.6875], "texture": "#0"},
				"west": {"uv": [2.625, 3.75, 2.6875, 3.625], "rotation": 90, "texture": "#0"},
				"up": {"uv": [2.6875, 3.75, 2.5, 3.625], "texture": "#0"}
			}
		},
		{
			"name": "button",
			"from": [13.5, 0, 5],
			"to": [14, 0.05, 5.5],
			"faces": {
				"north": {"uv": [0.5, 2.71875, 0.625, 2.73125], "texture": "#0"},
				"east": {"uv": [0.5, 2.6875, 0.625, 2.7], "texture": "#0"},
				"south": {"uv": [0.5, 2.73438, 0.625, 2.74688], "texture": "#0"},
				"west": {"uv": [0.5, 2.625, 0.625, 2.6375], "texture": "#0"},
				"up": {"uv": [0.625, 2.75, 0.5, 2.625], "texture": "#0"}
			}
		},
		{
			"name": "button",
			"from": [12.75, 0, 5],
			"to": [13.25, 0.05, 5.5],
			"faces": {
				"north": {"uv": [0.6875, 2.71875, 0.8125, 2.73125], "texture": "#0"},
				"east": {"uv": [0.6875, 2.6875, 0.8125, 2.7], "texture": "#0"},
				"south": {"uv": [0.6875, 2.73438, 0.8125, 2.74688], "texture": "#0"},
				"west": {"uv": [0.6875, 2.625, 0.8125, 2.6375], "texture": "#0"},
				"up": {"uv": [0.8125, 2.75, 0.6875, 2.625], "texture": "#0"}
			}
		},
		{
			"name": "button",
			"from": [12, 0, 5],
			"to": [12.5, 0.05, 5.5],
			"faces": {
				"north": {"uv": [0.875, 2.71875, 1, 2.73125], "texture": "#0"},
				"east": {"uv": [0.875, 2.6875, 1, 2.7], "texture": "#0"},
				"south": {"uv": [0.875, 2.73438, 1, 2.74688], "texture": "#0"},
				"west": {"uv": [0.875, 2.625, 1, 2.6375], "texture": "#0"},
				"up": {"uv": [1, 2.75, 0.875, 2.625], "texture": "#0"}
			}
		},
		{
			"name": "button",
			"from": [10, 0, 5],
			"to": [10.5, 0.05, 5.5],
			"faces": {
				"north": {"uv": [1.375, 2.71875, 1.5, 2.73125], "texture": "#0"},
				"east": {"uv": [1.375, 2.6875, 1.5, 2.7], "texture": "#0"},
				"south": {"uv": [1.375, 2.73438, 1.5, 2.74688], "texture": "#0"},
				"west": {"uv": [1.375, 2.625, 1.5, 2.6375], "texture": "#0"},
				"up": {"uv": [1.5, 2.75, 1.375, 2.625], "texture": "#0"}
			}
		},
		{
			"name": "button",
			"from": [9.25, 0, 5],
			"to": [9.75, 0.05, 5.5],
			"faces": {
				"north": {"uv": [1.5625, 2.71875, 1.6875, 2.73125], "texture": "#0"},
				"east": {"uv": [1.5625, 2.6875, 1.6875, 2.7], "texture": "#0"},
				"south": {"uv": [1.5625, 2.73438, 1.6875, 2.74688], "texture": "#0"},
				"west": {"uv": [1.5625, 2.625, 1.6875, 2.6375], "texture": "#0"},
				"up": {"uv": [1.6875, 2.75, 1.5625, 2.625], "texture": "#0"}
			}
		},
		{
			"name": "button",
			"from": [8.5, 0, 5],
			"to": [9, 0.05, 5.5],
			"faces": {
				"north": {"uv": [1.75, 2.71875, 1.875, 2.73125], "texture": "#0"},
				"east": {"uv": [1.75, 2.6875, 1.875, 2.7], "texture": "#0"},
				"south": {"uv": [1.75, 2.73438, 1.875, 2.74688], "texture": "#0"},
				"west": {"uv": [1.75, 2.625, 1.875, 2.6375], "texture": "#0"},
				"up": {"uv": [1.875, 2.75, 1.75, 2.625], "texture": "#0"}
			}
		}
	],
	"display": {
		"thirdperson_righthand": {
			"rotation": [8, 154, 0],
			"translation": [0, 2, -2.25],
			"scale": [0.36, 0.36, 0.36]
		},
		"thirdperson_lefthand": {
			"rotation": [8, 154, 0],
			"translation": [0, 2, -2.25],
			"scale": [0.36, 0.36, 0.36]
		},
		"firstperson_righthand": {
			"rotation": [0, 132, 0],
			"translation": [0, 7.75, 0.75],
			"scale": [0.68, 0.68, 0.68]
		},
		"firstperson_lefthand": {
			"rotation": [0, 132, 0],
			"translation": [0, 7.75, 0.75],
			"scale": [0.68, 0.68, 0.68]
		},
		"ground": {
			"rotation": [-15, -15, 22],
			"translation": [-3, 7.75, -1.75],
			"scale": [0.7, 0.7, 0.7]
		},
		"gui": {
			"rotation": [36, 132, 0],
			"translation": [0, 2.25, 0],
			"scale": [0.69, 0.69, 0.69]
		},
		"head": {
			"translation": [0, 15.25, -0.75]
		},
		"fixed": {
			"rotation": [-71, 0, 0],
			"translation": [0, 2, -5.75],
			"scale": [0.8, 0.8, 0.8]
		}
	},
	"groups": [
		{
			"name": "base",
			"origin": [8, 0, 16],
			"color": 0,
			"children": [0, 1, 2]
		},
		{
			"name": "texture",
			"origin": [0, 0, 0],
			"color": 0,
			"children": [3, 4, 5, 6, 7, 8, 9, 10, 11, 12, 13, 14, 15, 16]
		}
	]
}