{
	"credit": "Made by NavaRayUK",
	"ambientocclusion": false,
	"texture_size": [64, 64],
	"textures": {
		"0": "candy_shelf",
		"particle": "candy_shelf"
	},
	"elements": [
		{
			"from": [0, 0, 2],
			"to": [16, 16, 16],
			"faces": {
				"north": {"uv": [0, 0, 4, 4], "texture": "#0"},
				"east": {"uv": [4.25, 0, 7.75, 4], "texture": "#0"},
				"south": {"uv": [0, 4.25, 4, 8.25], "texture": "#0"},
				"west": {"uv": [4.25, 4.25, 7.75, 8.25], "texture": "#0"},
				"up": {"uv": [12, 3.5, 8, 0], "texture": "#0"},
				"down": {"uv": [12, 3.75, 8, 7.25], "texture": "#0"}
			}
		},
		{
			"name": "top",
			"from": [0, 15, 0],
			"to": [15, 16, 2],
			"faces": {
				"north": {"uv": [11.75, 11.5, 15.5, 11.75], "texture": "#0"},
				"east": {"uv": [14, 8.5, 14.5, 8.75], "texture": "#0"},
				"south": {"uv": [6.25, 12, 10, 12.25], "texture": "#0"},
				"west": {"uv": [9, 14, 9.5, 14.25], "texture": "#0"},
				"up": {"uv": [12.5, 8.75, 8.75, 8.25], "texture": "#0"},
				"down": {"uv": [12.5, 9, 8.75, 9.5], "texture": "#0"}
			}
		},
		{
			"name": "bottom",
			"from": [1, 0, 0],
			"to": [16, 1, 2],
			"faces": {
				"north": {"uv": [11.75, 10.5, 15.5, 10.75], "texture": "#0"},
				"east": {"uv": [0, 14, 0.5, 14.25], "texture": "#0"},
				"south": {"uv": [11.75, 11, 15.5, 11.25], "texture": "#0"},
				"west": {"uv": [8.25, 14, 8.75, 14.25], "texture": "#0"},
				"up": {"uv": [4.5, 9, 0.75, 8.5], "texture": "#0"},
				"down": {"uv": [12.5, 7.5, 8.75, 8], "texture": "#0"}
			}
		},
		{
			"name": "center",
			"from": [1, 7.5, 0],
			"to": [15, 8.5, 2],
			"faces": {
				"north": {"uv": [11.25, 12, 14.75, 12.25], "texture": "#0"},
				"east": {"uv": [14, 9.75, 14.5, 10], "texture": "#0"},
				"south": {"uv": [12.25, 0, 15.75, 0.25], "texture": "#0"},
				"west": {"uv": [11.25, 14, 11.75, 14.25], "texture": "#0"},
				"up": {"uv": [4.25, 9.75, 0.75, 9.25], "texture": "#0"},
				"down": {"uv": [12.25, 9.75, 8.75, 10.25], "texture": "#0"}
			}
		},
		{
			"name": "side",
			"from": [15, 1, 0],
			"to": [16, 16, 2],
			"faces": {
				"north": {"uv": [10.25, 12, 10.5, 15.75], "texture": "#0"},
				"east": {"uv": [4.75, 8.5, 5.25, 12.25], "texture": "#0"},
				"south": {"uv": [10.75, 12, 11, 15.75], "texture": "#0"},
				"west": {"uv": [5.5, 8.5, 6, 12.25], "texture": "#0"},
				"up": {"uv": [9, 13.75, 8.75, 13.25], "texture": "#0"},
				"down": {"uv": [14.25, 9, 14, 9.5], "texture": "#0"}
			}
		},
		{
			"name": "side",
			"from": [0, 0, 0],
			"to": [1, 15, 2],
			"faces": {
				"north": {"uv": [3.75, 10, 4, 13.75], "texture": "#0"},
				"east": {"uv": [8, 7.5, 8.5, 11.25], "texture": "#0"},
				"south": {"uv": [4.25, 10, 4.5, 13.75], "texture": "#0"},
				"west": {"uv": [0, 8.5, 0.5, 12.25], "texture": "#0"},
				"up": {"uv": [3.5, 13.5, 3.25, 13], "texture": "#0"},
				"down": {"uv": [6, 13.25, 5.75, 13.75], "texture": "#0"}
			}
		},
		{
			"name": "lid",
			"from": [9.5, 14, 0.925],
			"to": [13.5, 14.5, 2.925],
			"faces": {
				"north": {"uv": [2, 13.75, 3, 14], "texture": "#0"},
				"east": {"uv": [14.25, 0.5, 14.75, 0.75], "texture": "#0"},
				"south": {"uv": [13.75, 3.5, 14.75, 3.75], "texture": "#0"},
				"west": {"uv": [14.25, 1, 14.75, 1.25], "texture": "#0"},
				"up": {"uv": [14, 1, 13, 0.5], "texture": "#0"},
				"down": {"uv": [1.75, 13, 0.75, 13.5], "texture": "#0"}
			}
		},
		{
			"name": "neck",
			"from": [10, 13.5, 0.925],
			"to": [13, 14, 2.925],
			"faces": {
				"north": {"uv": [5.25, 14, 6, 14.25], "texture": "#0"},
				"east": {"uv": [14.25, 1.5, 14.75, 1.75], "texture": "#0"},
				"south": {"uv": [14, 5.5, 14.75, 5.75], "texture": "#0"},
				"west": {"uv": [1.75, 14.25, 2.25, 14.5], "texture": "#0"},
				"up": {"uv": [5.5, 13.75, 4.75, 13.25], "texture": "#0"},
				"down": {"uv": [8.5, 13.25, 7.75, 13.75], "texture": "#0"}
			}
		},
		{
			"name": "body",
			"from": [9, 8.5, 0.925],
			"to": [14, 13.5, 2.925],
			"faces": {
				"north": {"uv": [2.25, 10, 3.5, 11.25], "texture": "#0"},
				"east": {"uv": [12.25, 5, 12.75, 6.25], "texture": "#0"},
				"south": {"uv": [6.25, 10, 7.5, 11.25], "texture": "#0"},
				"west": {"uv": [0, 12.5, 0.5, 13.75], "texture": "#0"},
				"up": {"uv": [13.5, 7, 12.25, 6.5], "texture": "#0"},
				"down": {"uv": [6, 12.5, 4.75, 13], "texture": "#0"}
			}
		},
		{
			"name": "lid",
			"from": [2.5, 14, 0.925],
			"to": [6.5, 14.5, 2.925],
			"faces": {
				"north": {"uv": [13.75, 4, 14.75, 4.25], "texture": "#0"},
				"east": {"uv": [14.25, 2, 14.75, 2.25], "texture": "#0"},
				"south": {"uv": [13.75, 4.5, 14.75, 4.75], "texture": "#0"},
				"west": {"uv": [14.25, 2.5, 14.75, 2.75], "texture": "#0"},
				"up": {"uv": [14, 1.75, 13, 1.25], "texture": "#0"},
				"down": {"uv": [3, 13, 2, 13.5], "texture": "#0"}
			}
		},
		{
			"name": "neck",
			"from": [3, 13.5, 0.925],
			"to": [6, 14, 2.925],
			"faces": {
				"north": {"uv": [14, 6, 14.75, 6.25], "texture": "#0"},
				"east": {"uv": [14.25, 3, 14.75, 3.25], "texture": "#0"},
				"south": {"uv": [6.25, 14, 7, 14.25], "texture": "#0"},
				"west": {"uv": [14.25, 7, 14.75, 7.25], "texture": "#0"},
				"up": {"uv": [12.75, 13.75, 12, 13.25], "texture": "#0"},
				"down": {"uv": [13.75, 13.25, 13, 13.75], "texture": "#0"}
			}
		},
		{
			"name": "body",
			"from": [2, 8.5, 0.925],
			"to": [7, 13.5, 2.925],
			"faces": {
				"north": {"uv": [8.75, 10.5, 10, 11.75], "texture": "#0"},
				"east": {"uv": [6.25, 12.5, 6.75, 13.75], "texture": "#0"},
				"south": {"uv": [10.25, 10.5, 11.5, 11.75], "texture": "#0"},
				"west": {"uv": [7, 12.5, 7.5, 13.75], "texture": "#0"},
				"up": {"uv": [9, 13, 7.75, 12.5], "texture": "#0"},
				"down": {"uv": [13.75, 9.75, 12.5, 10.25], "texture": "#0"}
			}
		},
		{
			"name": "lid",
			"from": [9.5, 6.5, 0.925],
			"to": [13.5, 7, 2.925],
			"faces": {
				"north": {"uv": [6.25, 11.5, 7.25, 11.75], "texture": "#0"},
				"east": {"uv": [14, 13.25, 14.5, 13.5], "texture": "#0"},
				"south": {"uv": [7.5, 11.5, 8.5, 11.75], "texture": "#0"},
				"west": {"uv": [13.5, 14, 14, 14.25], "texture": "#0"},
				"up": {"uv": [13.75, 8.5, 12.75, 8], "texture": "#0"},
				"down": {"uv": [13.75, 8.75, 12.75, 9.25], "texture": "#0"}
			}
		},
		{
			"name": "neck",
			"from": [10, 6, 0.925],
			"to": [13, 6.5, 2.925],
			"faces": {
				"north": {"uv": [4.25, 14, 5, 14.25], "texture": "#0"},
				"east": {"uv": [12, 14, 12.5, 14.25], "texture": "#0"},
				"south": {"uv": [14, 5, 14.75, 5.25], "texture": "#0"},
				"west": {"uv": [12.75, 14, 13.25, 14.25], "texture": "#0"},
				"up": {"uv": [13.75, 5.5, 13, 5], "texture": "#0"},
				"down": {"uv": [13.75, 5.75, 13, 6.25], "texture": "#0"}
			}
		},
		{
			"name": "body",
			"from": [9, 1, 0.925],
			"to": [14, 6, 2.925],
			"faces": {
				"north": {"uv": [6.25, 8.5, 7.5, 9.75], "texture": "#0"},
				"east": {"uv": [12.25, 0.5, 12.75, 1.75], "texture": "#0"},
				"south": {"uv": [0.75, 10, 2, 11.25], "texture": "#0"},
				"west": {"uv": [12.25, 2, 12.75, 3.25], "texture": "#0"},
				"up": {"uv": [13.5, 4, 12.25, 3.5], "texture": "#0"},
				"down": {"uv": [13.5, 4.25, 12.25, 4.75], "texture": "#0"}
			}
		},
		{
			"name": "lid",
			"from": [2.5, 6.5, 0.925],
			"to": [6.5, 7, 2.925],
			"faces": {
				"north": {"uv": [13.75, 6.5, 14.75, 6.75], "texture": "#0"},
				"east": {"uv": [14.25, 7.5, 14.75, 7.75], "texture": "#0"},
				"south": {"uv": [3, 14, 4, 14.25], "texture": "#0"},
				"west": {"uv": [14.25, 13.75, 14.75, 14], "texture": "#0"},
				"up": {"uv": [14, 2.5, 13, 2], "texture": "#0"},
				"down": {"uv": [14, 2.75, 13, 3.25], "texture": "#0"}
			}
		},
		{
			"name": "neck",
			"from": [3, 6, 0.925],
			"to": [6, 6.5, 2.925],
			"faces": {
				"north": {"uv": [7.25, 14, 8, 14.25], "texture": "#0"},
				"east": {"uv": [14.25, 14.25, 14.75, 14.5], "texture": "#0"},
				"south": {"uv": [14, 8, 14.75, 8.25], "texture": "#0"},
				"west": {"uv": [0, 14.5, 0.5, 14.75], "texture": "#0"},
				"up": {"uv": [14.25, 13, 13.5, 12.5], "texture": "#0"},
				"down": {"uv": [1.5, 13.75, 0.75, 14.25], "texture": "#0"}
			}
		},
		{
			"name": "body",
			"from": [2, 1, 0.925],
			"to": [7, 6, 2.925],
			"faces": {
				"north": {"uv": [0.75, 11.5, 2, 12.75], "texture": "#0"},
				"east": {"uv": [9.25, 12.5, 9.75, 13.75], "texture": "#0"},
				"south": {"uv": [2.25, 11.5, 3.5, 12.75], "texture": "#0"},
				"west": {"uv": [11.25, 12.5, 11.75, 13.75], "texture": "#0"},
				"up": {"uv": [13.25, 13, 12, 12.5], "texture": "#0"},
				"down": {"uv": [14, 7.25, 12.75, 7.75], "texture": "#0"}
			}
		}
	],
	"display": {
		"thirdperson_righthand": {
			"rotation": [44, 101, 0],
			"translation": [2.25, 0, -2.75],
			"scale": [0.54, 0.54, 0.54]
		},
		"thirdperson_lefthand": {
			"rotation": [44, 101, 0],
			"translation": [2.25, 0, -2.75],
			"scale": [0.54, 0.54, 0.54]
		},
		"firstperson_righthand": {
			"rotation": [0, 131, 0],
			"translation": [0, 1.75, 0],
			"scale": [0.6, 0.6, 0.6]
		},
		"firstperson_lefthand": {
			"rotation": [0, 131, 0],
			"translation": [0, 1.75, 0],
			"scale": [0.6, 0.6, 0.6]
		},
		"ground": {
			"translation": [0, 3.5, 0],
			"scale": [0.8, 0.8, 0.8]
		},
		"gui": {
			"rotation": [0, 145, 20],
			"scale": [0.55, 0.55, 0.55]
		},
		"head": {
			"translation": [0, 0, -1.25],
			"scale": [1.1, 1.1, 1.1]
		}
	},
	"groups": [
		{
			"name": "base",
			"origin": [8, 8, 8],
			"color": 0,
			"children": [0]
		},
		{
			"name": "front",
			"origin": [8, 8, 8],
			"color": 0,
			"children": [1, 2, 3, 4, 5]
		},
		{
			"name": "sheleves",
			"origin": [0, 0, 0],
			"color": 0,
			"children": [
				{
					"name": "bottle",
					"origin": [0, 0, 0],
					"color": 0,
					"children": [6, 7, 8]
				},
				{
					"name": "bottle",
					"origin": [0, 0, 0],
					"color": 0,
					"children": [9, 10, 11]
				},
				{
					"name": "bottle",
					"origin": [0, 0, 0],
					"color": 0,
					"children": [12, 13, 14]
				},
				{
					"name": "bottle",
					"origin": [0, 0, 0],
					"color": 0,
					"children": [15, 16, 17]
				}
			]
		}
	]
}