{
  "_fv": 33,
  "_type": "tool",
  "definition": {
    "renderType": 0,
    "texture": "quantum_reet_sword",
    "customModelName": "Normal",
    "name": "Cane of Destiny",
    "specialInfo": [],
    "creativeTab": {
      "value": "CUSTOM:DocBlocks"
    },
    "toolType": "Sword",
    "harvestLevel": 3,
    "efficiency": 30.0,
    "attackSpeed": 2.0,
    "enchantability": 10,
    "damageVsEntity": 20.0,
    "usageCount": 5000,
    "blocksAffected": [],
    "hasGlow": true,
    "repairItems": [
      {
        "value": "CUSTOM:PandoramCaneIngot"
      }
    ],
    "immuneToFire": true,
    "stayInGridWhenCrafting": false,
    "damageOnCrafting": false,
    "onCrafted": {
      "name": "CaneOfQuantumItemIsCraftedsmelted"
    }
  }
}