{
  "_fv": 33,
  "_type": "recipe",
  "definition": {
    "recipeType": "Crafting",
    "xpReward": 0.0,
    "cookingTime": 200,
    "recipeRetstackSize": 1,
    "group": "",
    "recipeShapeless": false,
    "recipeSlots": [
      {
        "value": "Blocks.REEDS"
      },
      {
        "value": "CUSTOM:PandoramCaneIngot"
      },
      {
        "value": "Blocks.REEDS"
      },
      {
        "value": "Blocks.REEDS"
      },
      {
        "value": "CUSTOM:PandoramCaneIngot"
      },
      {
        "value": "Blocks.REEDS"
      },
      {
        "value": "Blocks.REEDS"
      },
      {
        "value": "Items.DIAMOND_SWORD"
      },
      {
        "value": "Blocks.REEDS"
      }
    ],
    "recipeReturnStack": {
      "value": "CUSTOM:PandoramSword"
    },
    "name": "pandoram_sword_recipe",
    "namespace": "mod"
  }
}