{
  "_fv": 33,
  "_type": "tool",
  "definition": {
    "renderType": 0,
    "texture": "doc_tsk_pickaxe",
    "customModelName": "Normal",
    "name": "Super Reed Miner",
    "specialInfo": [],
    "creativeTab": {
      "value": "CUSTOM:DocBlocks"
    },
    "toolType": "Pickaxe",
    "harvestLevel": 3,
    "efficiency": 30.0,
    "attackSpeed": 1.9,
    "enchantability": 30,
    "damageVsEntity": 8.0,
    "usageCount": 4100,
    "blocksAffected": [],
    "hasGlow": false,
    "repairItems": [
      {
        "value": "CUSTOM:PandoramCaneIngot"
      }
    ],
    "immuneToFire": false,
    "stayInGridWhenCrafting": false,
    "damageOnCrafting": false
  }
}