{
  "_fv": 33,
  "_type": "recipe",
  "definition": {
    "recipeType": "Crafting",
    "xpReward": 0.0,
    "cookingTime": 200,
    "recipeRetstackSize": 1,
    "group": "",
    "recipeShapeless": false,
    "recipeSlots": [
      {
        "value": "CUSTOM:PandoramNugget"
      },
      {
        "value": "CUSTOM:PandoramNugget"
      },
      {
        "value": "CUSTOM:PandoramNugget"
      },
      {
        "value": "CUSTOM:PandoramNugget"
      },
      {
        "value": "Items.LAVA_BUCKET"
      },
      {
        "value": "CUSTOM:PandoramNugget"
      },
      {
        "value": "CUSTOM:PandoramNugget"
      },
      {
        "value": "CUSTOM:PandoramNugget"
      },
      {
        "value": "CUSTOM:PandoramNugget"
      }
    ],
    "recipeReturnStack": {
      "value": "CUSTOM:PandoramCaneIngot"
    },
    "name": "pandoram_cane_ingot_recipe",
    "namespace": "mod"
  }
}