{
  "_fv": 33,
  "_type": "tool",
  "definition": {
    "renderType": 0,
    "texture": "doc_reed_sword",
    "customModelName": "Normal",
    "name": "Pandoram Sword",
    "specialInfo": [],
    "creativeTab": {
      "value": "CUSTOM:DocBlocks"
    },
    "toolType": "Sword",
    "harvestLevel": 4,
    "efficiency": 30.0,
    "attackSpeed": 1.7,
    "enchantability": 30,
    "damageVsEntity": 6.95,
    "usageCount": 4000,
    "blocksAffected": [],
    "hasGlow": false,
    "repairItems": [
      {
        "value": "CUSTOM:PandoramCaneIngot"
      }
    ],
    "immuneToFire": false,
    "stayInGridWhenCrafting": false,
    "damageOnCrafting": false
  }
}