{
  "_fv": 33,
  "_type": "item",
  "definition": {
    "renderType": 0,
    "texture": "dongleplus",
    "customModelName": "Normal",
    "name": "Living Sugarcane",
    "rarity": "UNCOMMON",
    "creativeTab": {
      "value": "CUSTOM:DocBlocks"
    },
    "stackSize": 1,
    "enchantability": 14,
    "useDuration": 0,
    "toolType": 1.0,
    "damageCount": 1,
    "recipeRemainder": {
      "value": ""
    },
    "destroyAnyBlock": false,
    "immuneToFire": false,
    "stayInGridWhenCrafting": false,
    "damageOnCrafting": false,
    "enableMeleeDamage": false,
    "damageVsEntity": 0.0,
    "specialInfo": [
      "Dongle Of Life - More"
    ],
    "hasGlow": true,
    "guiBoundTo": "<NONE>",
    "inventorySize": 9,
    "inventoryStackSize": 64,
    "onRightClickedOnBlock": {
      "name": "SugarCaneDonglePlusRightclickedOnBlock"
    },
    "isFood": false,
    "nutritionalValue": 4,
    "saturation": 0.3,
    "eatResultItem": {
      "value": ""
    },
    "isMeat": false,
    "isAlwaysEdible": false,
    "animation": "none"
  }
}