{
  "variants": {
    "facing=east,half=bottom,shape=straight": {
      "model": "db:block/pandoram_cane_ingont_steps"
    },
    "facing=west,half=bottom,shape=straight": {
      "model": "db:block/pandoram_cane_ingont_steps",
      "y": 180,
      "uvlock": true
    },
    "facing=south,half=bottom,shape=straight": {
      "model": "db:block/pandoram_cane_ingont_steps",
      "y": 90,
      "uvlock": true
    },
    "facing=north,half=bottom,shape=straight": {
      "model": "db:block/pandoram_cane_ingont_steps",
      "y": 270,
      "uvlock": true
    },
    "facing=east,half=bottom,shape=inner_right": {
      "model": "db:block/pandoram_cane_ingont_steps_inner"
    },
    "facing=west,half=bottom,shape=inner_right": {
      "model": "db:block/pandoram_cane_ingont_steps_inner",
      "y": 180,
      "uvlock": true
    },
    "facing=south,half=bottom,shape=inner_right": {
      "model": "db:block/pandoram_cane_ingont_steps_inner",
      "y": 90,
      "uvlock": true
    },
    "facing=north,half=bottom,shape=inner_right": {
      "model": "db:block/pandoram_cane_ingont_steps_inner",
      "y": 270,
      "uvlock": true
    },
    "facing=east,half=bottom,shape=inner_left": {
      "model": "db:block/pandoram_cane_ingont_steps_inner",
      "y": 270,
      "uvlock": true
    },
    "facing=west,half=bottom,shape=inner_left": {
      "model": "db:block/pandoram_cane_ingont_steps_inner",
      "y": 90,
      "uvlock": true
    },
    "facing=south,half=bottom,shape=inner_left": {
      "model": "db:block/pandoram_cane_ingont_steps_inner"
    },
    "facing=north,half=bottom,shape=inner_left": {
      "model": "db:block/pandoram_cane_ingont_steps_inner",
      "y": 180,
      "uvlock": true
    },
    "facing=east,half=top,shape=straight": {
      "model": "db:block/pandoram_cane_ingont_steps",
      "x": 180,
      "uvlock": true
    },
    "facing=west,half=top,shape=straight": {
      "model": "db:block/pandoram_cane_ingont_steps",
      "x": 180,
      "y": 180,
      "uvlock": true
    },
    "facing=south,half=top,shape=straight": {
      "model": "db:block/pandoram_cane_ingont_steps",
      "x": 180,
      "y": 90,
      "uvlock": true
    },
    "facing=north,half=top,shape=straight": {
      "model": "db:block/pandoram_cane_ingont_steps",
      "x": 180,
      "y": 270,
      "uvlock": true
    },
    "facing=east,half=top,shape=outer_right": {
      "model": "db:block/pandoram_cane_ingont_steps_outer",
      "x": 180,
      "y": 90,
      "uvlock": true
    },
    "facing=west,half=top,shape=outer_right": {
      "model": "db:block/pandoram_cane_ingont_steps_outer",
      "x": 180,
      "y": 270,
      "uvlock": true
    },
    "facing=south,half=top,shape=outer_right": {
      "model": "db:block/pandoram_cane_ingont_steps_outer",
      "x": 180,
      "y": 180,
      "uvlock": true
    },
    "facing=north,half=top,shape=outer_right": {
      "model": "db:block/pandoram_cane_ingont_steps_outer",
      "x": 180,
      "uvlock": true
    },
    "facing=east,half=top,shape=outer_left": {
      "model": "db:block/pandoram_cane_ingont_steps_outer",
      "x": 180,
      "uvlock": true
    },
    "facing=west,half=top,shape=outer_left": {
      "model": "db:block/pandoram_cane_ingont_steps_outer",
      "x": 180,
      "y": 180,
      "uvlock": true
    },
    "facing=south,half=top,shape=outer_left": {
      "model": "db:block/pandoram_cane_ingont_steps_outer",
      "x": 180,
      "y": 90,
      "uvlock": true
    },
    "facing=north,half=top,shape=outer_left": {
      "model": "db:block/pandoram_cane_ingont_steps_outer",
      "x": 180,
      "y": 270,
      "uvlock": true
    },
    "facing=east,half=top,shape=inner_right": {
      "model": "db:block/pandoram_cane_ingont_steps_inner",
      "x": 180,
      "y": 90,
      "uvlock": true
    },
    "facing=west,half=top,shape=inner_right": {
      "model": "db:block/pandoram_cane_ingont_steps_inner",
      "x": 180,
      "y": 270,
      "uvlock": true
    },
    "facing=south,half=top,shape=inner_right": {
      "model": "db:block/pandoram_cane_ingont_steps_inner",
      "x": 180,
      "y": 180,
      "uvlock": true
    },
    "facing=north,half=top,shape=inner_right": {
      "model": "db:block/pandoram_cane_ingont_steps_inner",
      "x": 180,
      "uvlock": true
    },
    "facing=east,half=top,shape=inner_left": {
      "model": "db:block/pandoram_cane_ingont_steps_inner",
      "x": 180,
      "uvlock": true
    },
    "facing=west,half=top,shape=inner_left": {
      "model": "db:block/pandoram_cane_ingont_steps_inner",
      "x": 180,
      "y": 180,
      "uvlock": true
    },
    "facing=south,half=top,shape=inner_left": {
      "model": "db:block/pandoram_cane_ingont_steps_inner",
      "x": 180,
      "y": 90,
      "uvlock": true
    },
    "facing=north,half=top,shape=inner_left": {
      "model": "db:block/pandoram_cane_ingont_steps_inner",
      "x": 180,
      "y": 270,
      "uvlock": true
    },
    "facing=east,half=bottom,shape=outer_right": {
      "model": "db:block/pandoram_cane_ingont_steps_outer"
    },
    "facing=west,half=bottom,shape=outer_right": {
      "model": "db:block/pandoram_cane_ingont_steps_outer",
      "y": 180,
      "uvlock": true
    },
    "facing=south,half=bottom,shape=outer_right": {
      "model": "db:block/pandoram_cane_ingont_steps_outer",
      "y": 90,
      "uvlock": true
    },
    "facing=north,half=bottom,shape=outer_right": {
      "model": "db:block/pandoram_cane_ingont_steps_outer",
      "y": 270,
      "uvlock": true
    },
    "facing=east,half=bottom,shape=outer_left": {
      "model": "db:block/pandoram_cane_ingont_steps_outer",
      "y": 270,
      "uvlock": true
    },
    "facing=west,half=bottom,shape=outer_left": {
      "model": "db:block/pandoram_cane_ingont_steps_outer",
      "y": 90,
      "uvlock": true
    },
    "facing=south,half=bottom,shape=outer_left": {
      "model": "db:block/pandoram_cane_ingont_steps_outer"
    },
    "facing=north,half=bottom,shape=outer_left": {
      "model": "db:block/pandoram_cane_ingont_steps_outer",
      "y": 180,
      "uvlock": true
    }
  }
}