{
	"credit": "Made by NavaRayUK",
	"ambientocclusion": false,
	"textures": {
		"0": "smooth_light_airlock_tardis",
		"1": "light_airlock_tardis",
		"particle": "smooth_light_airlock_tardis"
	},
	"elements": [
		{
			"from": [0, 0, 7],
			"to": [16, 0.05, 9],
			"faces": {
				"north": {"uv": [0, 16, 16, 13], "texture": "#1"},
				"east": {"uv": [0, 0, 3, 16], "texture": "#0"},
				"south": {"uv": [0, 16, 16, 13], "texture": "#1"},
				"west": {"uv": [0, 0, 3, 16], "texture": "#0"},
				"up": {"uv": [0, 5, 16, 7], "texture": "#1"},
				"down": {"uv": [0, 0, 16, 3], "texture": "#0"}
			}
		},
		{
			"from": [0, 29, 7],
			"to": [16, 32, 9],
			"faces": {
				"north": {"uv": [0, 16, 16, 13], "texture": "#1"},
				"east": {"uv": [0, 0, 2, 3], "texture": "#0"},
				"south": {"uv": [0, 16, 16, 13], "texture": "#1"},
				"west": {"uv": [0, 0, 2, 3], "texture": "#0"},
				"up": {"uv": [0, 0, 16, 3], "texture": "#0"},
				"down": {"uv": [0, 5, 16, 7], "texture": "#1"}
			}
		}
	]
}