{
	"credit": "Made by NavaRayUK",
	"ambientocclusion": false,
	"texture_size": [64, 64],
	"textures": {
		"0": "computer_tardis_mob_scanner",
		"particle": "computer_tardis_mob_scanner"
	},
	"elements": [
		{
			"from": [0, 4, 5.975],
			"to": [16, 4, 15.975],
			"rotation": {"angle": -22.5, "axis": "x", "origin": [8, 2, 16]},
			"faces": {
				"north": {"uv": [8.5, 1.5, 12.5, 1.5], "texture": "#0"},
				"east": {"uv": [8.5, 1.75, 11, 1.75], "texture": "#0"},
				"south": {"uv": [8.5, 2, 12.5, 2], "texture": "#0"},
				"west": {"uv": [8.5, 2.25, 11, 2.25], "texture": "#0"},
				"up": {"uv": [8.25, 2.5, 4.25, 0], "texture": "#0"},
				"down": {"uv": [8.25, 2.75, 4.25, 5.25], "texture": "#0"}
			}
		},
		{
			"from": [0, 0.01, 0],
			"to": [16, 0.01, 16],
			"rotation": {"angle": 0, "axis": "y", "origin": [8, 0, 16]},
			"faces": {
				"north": {"uv": [8.5, 2.5, 12.5, 2.5], "texture": "#0"},
				"east": {"uv": [8.5, 2.75, 12.5, 2.75], "texture": "#0"},
				"south": {"uv": [8.5, 3, 12.5, 3], "texture": "#0"},
				"west": {"uv": [8.5, 3.25, 12.5, 3.25], "texture": "#0"},
				"up": {"uv": [4, 4, 0, 0], "texture": "#0"},
				"down": {"uv": [4, 4.25, 0, 8.25], "texture": "#0"}
			}
		},
		{
			"name": "button",
			"from": [4.75, 0, 1],
			"to": [5.25, 0.05, 1.5],
			"faces": {
				"north": {"uv": [2.6875, 3.65625, 2.8125, 3.66875], "texture": "#0"},
				"east": {"uv": [2.6875, 3.70313, 2.8125, 3.71563], "texture": "#0"},
				"south": {"uv": [2.6875, 3.73438, 2.8125, 3.74688], "texture": "#0"},
				"west": {"uv": [2.6875, 3.6875, 2.8125, 3.7], "texture": "#0"},
				"up": {"uv": [2.8125, 3.75, 2.6875, 3.625], "texture": "#0"},
				"down": {"uv": [0, 0, 0, 0], "texture": "#0"}
			}
		},
		{
			"name": "button",
			"from": [3.75, 0, 1],
			"to": [4.25, 0.05, 1.5],
			"faces": {
				"north": {"uv": [2.6875, 3.65625, 2.8125, 3.66875], "texture": "#0"},
				"east": {"uv": [2.6875, 3.70313, 2.8125, 3.71563], "texture": "#0"},
				"south": {"uv": [2.6875, 3.73438, 2.8125, 3.74688], "texture": "#0"},
				"west": {"uv": [2.6875, 3.6875, 2.8125, 3.7], "texture": "#0"},
				"up": {"uv": [2.8125, 3.75, 2.6875, 3.625], "texture": "#0"},
				"down": {"uv": [0, 0, 0, 0], "texture": "#0"}
			}
		},
		{
			"name": "button",
			"from": [2.75, 0, 1],
			"to": [3.25, 0.05, 1.5],
			"faces": {
				"north": {"uv": [2.6875, 3.65625, 2.8125, 3.66875], "texture": "#0"},
				"east": {"uv": [2.6875, 3.70313, 2.8125, 3.71563], "texture": "#0"},
				"south": {"uv": [2.6875, 3.73438, 2.8125, 3.74688], "texture": "#0"},
				"west": {"uv": [2.6875, 3.6875, 2.8125, 3.7], "texture": "#0"},
				"up": {"uv": [2.8125, 3.75, 2.6875, 3.625], "texture": "#0"},
				"down": {"uv": [0, 0, 0, 0], "texture": "#0"}
			}
		},
		{
			"from": [0, 0.25, 15.75],
			"to": [16, 4.25, 15.75],
			"rotation": {"angle": -45, "axis": "x", "origin": [8, 0, 16]},
			"faces": {
				"north": {"uv": [4.25, 5.5, 8.25, 6.5], "texture": "#0"},
				"east": {"uv": [2.25, 8.5, 2.25, 9.5], "texture": "#0"},
				"south": {"uv": [4.25, 6.75, 8.25, 7.75], "texture": "#0"},
				"west": {"uv": [2.5, 8.5, 2.5, 9.5], "texture": "#0"},
				"up": {"uv": [12.5, 3.5, 8.5, 3.5], "texture": "#0"},
				"down": {"uv": [12.5, 3.75, 8.5, 3.75], "texture": "#0"}
			}
		},
		{
			"from": [3.5, 3.525, 14.5],
			"to": [3.75, 8.275, 14.75],
			"faces": {
				"north": {"uv": [8.25, 0, 8.3125, 1.1875], "texture": "#0"},
				"east": {"uv": [8.25, 0, 8.3125, 1.1875], "texture": "#0"},
				"south": {"uv": [8.25, 0, 8.3125, 1.1875], "texture": "#0"},
				"west": {"uv": [8.25, 0, 8.3125, 1.1875], "texture": "#0"},
				"up": {"uv": [8.0625, 0.0625, 8.125, 0.125], "texture": "#0"},
				"down": {"uv": [8.125, 0.0625, 8.1875, 0.125], "texture": "#0"}
			}
		},
		{
			"from": [3.2, 7, 14.25],
			"to": [4.45, 8, 14.5],
			"rotation": {"angle": -45, "axis": "y", "origin": [3.625, 7.5, 14.375]},
			"faces": {
				"north": {"uv": [0, 0, 0.3125, 0.25], "texture": "#0"},
				"east": {"uv": [0.0625, 0, 0.125, 0.25], "texture": "#0"},
				"south": {"uv": [0, 0, 0.3125, 0.25], "texture": "#0"},
				"west": {"uv": [0, 0, 0.0625, 0.25], "texture": "#0"},
				"up": {"uv": [0, 0, 0.3125, 0.0625], "texture": "#0"},
				"down": {"uv": [0, 0, 0.3125, 0.0625], "texture": "#0"}
			}
		},
		{
			"from": [3.7, 7.35, 13.5],
			"to": [3.95, 7.6, 14.25],
			"rotation": {"angle": -45, "axis": "y", "origin": [3.625, 7.5, 14.375]},
			"faces": {
				"east": {"uv": [8.375, 0.5, 8.5625, 0.5625], "texture": "#0"},
				"west": {"uv": [8.375, 0.5625, 8.5625, 0.625], "texture": "#0"},
				"up": {"uv": [8.375, 0.625, 8.4375, 0.8125], "texture": "#0"},
				"down": {"uv": [8.4375, 0.625, 8.5, 0.8125], "texture": "#0"}
			}
		},
		{
			"from": [3.65, 7.3, 13.25],
			"to": [4, 7.65, 13.5],
			"rotation": {"angle": -45, "axis": "y", "origin": [3.625, 7.5, 14.375]},
			"faces": {
				"north": {"uv": [8.46875, 0.375, 8.55625, 0.4625], "texture": "#0"},
				"east": {"uv": [8.4375, 0.25, 8.5, 0.3375], "texture": "#0"},
				"south": {"uv": [8.375, 0.375, 8.4625, 0.4625], "texture": "#0"},
				"west": {"uv": [8.5625, 0.375, 8.625, 0.4625], "texture": "#0"},
				"up": {"uv": [8.4375, 0.1875, 8.525, 0.25], "texture": "#0"},
				"down": {"uv": [8.5, 0.25, 8.5875, 0.3125], "texture": "#0"}
			}
		},
		{
			"from": [3.2, 8, 14],
			"to": [4.45, 8.25, 14.25],
			"rotation": {"angle": -45, "axis": "y", "origin": [3.625, 7.5, 14.375]},
			"faces": {
				"north": {"uv": [0, 0, 0.3125, 0.0625], "texture": "#0"},
				"east": {"uv": [0.0625, 0, 0.125, 0.0625], "texture": "#0"},
				"south": {"uv": [0, 0, 0.3125, 0.0625], "texture": "#0"},
				"west": {"uv": [0, 0, 0.0625, 0.0625], "texture": "#0"},
				"up": {"uv": [0, 0, 0.3125, 0.0625], "texture": "#0"},
				"down": {"uv": [0, 0, 0.3125, 0.0625], "texture": "#0"}
			}
		},
		{
			"from": [3.2, 6.75, 14],
			"to": [4.45, 7, 14.25],
			"rotation": {"angle": -45, "axis": "y", "origin": [3.625, 7.5, 14.375]},
			"faces": {
				"north": {"uv": [0, 0, 0.3125, 0.0625], "texture": "#0"},
				"east": {"uv": [0.0625, 0, 0.125, 0.0625], "texture": "#0"},
				"south": {"uv": [0, 0, 0.3125, 0.0625], "texture": "#0"},
				"west": {"uv": [0, 0, 0.0625, 0.0625], "texture": "#0"},
				"up": {"uv": [0, 0, 0.3125, 0.0625], "texture": "#0"},
				"down": {"uv": [0, 0, 0.3125, 0.0625], "texture": "#0"}
			}
		},
		{
			"from": [2.95, 7, 14],
			"to": [3.2, 8, 14.25],
			"rotation": {"angle": -45, "axis": "y", "origin": [3.625, 7.5, 14.375]},
			"faces": {
				"north": {"uv": [0, 0, 0.0625, 0.25], "texture": "#0"},
				"east": {"uv": [0.0625, 0, 0.125, 0.25], "texture": "#0"},
				"south": {"uv": [0, 0, 0.0625, 0.25], "texture": "#0"},
				"west": {"uv": [0, 0, 0.0625, 0.25], "texture": "#0"},
				"up": {"uv": [0, 0, 0.0625, 0.0625], "texture": "#0"},
				"down": {"uv": [0, 0, 0.0625, 0.0625], "texture": "#0"}
			}
		},
		{
			"from": [4.45, 7, 14],
			"to": [4.7, 8, 14.25],
			"rotation": {"angle": -45, "axis": "y", "origin": [3.625, 7.5, 14.375]},
			"faces": {
				"north": {"uv": [0, 0, 0.0625, 0.25], "texture": "#0"},
				"east": {"uv": [0.0625, 0, 0.125, 0.25], "texture": "#0"},
				"south": {"uv": [0, 0, 0.0625, 0.25], "texture": "#0"},
				"west": {"uv": [0, 0, 0.0625, 0.25], "texture": "#0"},
				"up": {"uv": [0, 0, 0.0625, 0.0625], "texture": "#0"},
				"down": {"uv": [0, 0, 0.0625, 0.0625], "texture": "#0"}
			}
		},
		{
			"from": [13.25, 4, 13.475],
			"to": [15, 4.25, 14.975],
			"rotation": {"angle": -22.5, "axis": "x", "origin": [8, 2, 16]},
			"faces": {
				"north": {"uv": [4.25, 7.75, 4.6875, 7.8125], "texture": "#0"},
				"east": {"uv": [4.25, 7.9375, 4.625, 8], "texture": "#0"},
				"south": {"uv": [4.25, 7.8125, 4.6875, 7.875], "texture": "#0"},
				"west": {"uv": [4.25, 7.875, 4.625, 7.9375], "texture": "#0"},
				"up": {"uv": [4.6875, 8.375, 4.25, 8], "texture": "#0"},
				"down": {"uv": [5.125, 8, 4.6875, 8.375], "texture": "#0"}
			}
		},
		{
			"from": [1.25, 4, 13.475],
			"to": [3, 4.25, 14.975],
			"rotation": {"angle": -22.5, "axis": "x", "origin": [8, 2, 16]},
			"faces": {
				"north": {"uv": [4.25, 7.75, 4.6875, 7.8125], "texture": "#0"},
				"east": {"uv": [4.25, 7.9375, 4.625, 8], "texture": "#0"},
				"south": {"uv": [4.25, 7.8125, 4.6875, 7.875], "texture": "#0"},
				"west": {"uv": [4.25, 7.875, 4.625, 7.9375], "texture": "#0"},
				"up": {"uv": [4.6875, 8.375, 4.25, 8], "texture": "#0"},
				"down": {"uv": [5.125, 8, 4.6875, 8.375], "texture": "#0"}
			}
		},
		{
			"from": [1.25, 0, 1],
			"to": [1.75, 0.1, 1.5],
			"faces": {
				"north": {"uv": [3.5625, 3.75, 3.6875, 3.775], "texture": "#0"},
				"east": {"uv": [3.53125, 3.625, 3.5625, 3.75], "texture": "#0"},
				"south": {"uv": [3.6875, 3.625, 3.71875, 3.75], "texture": "#0"},
				"west": {"uv": [3.5625, 3.6, 3.6875, 3.625], "texture": "#0"},
				"up": {"uv": [3.5625, 3.625, 3.6875, 3.75], "texture": "#0"},
				"down": {"uv": [0, 0, 0, 0], "texture": "#0"}
			}
		}
	],
	"display": {
		"thirdperson_righthand": {
			"rotation": [8, 154, 0],
			"translation": [0, 2, -2.25],
			"scale": [0.36, 0.36, 0.36]
		},
		"thirdperson_lefthand": {
			"rotation": [8, 154, 0],
			"translation": [0, 2, -2.25],
			"scale": [0.36, 0.36, 0.36]
		},
		"firstperson_righthand": {
			"rotation": [0, 132, 0],
			"translation": [0, 7.75, 0.75],
			"scale": [0.68, 0.68, 0.68]
		},
		"firstperson_lefthand": {
			"rotation": [0, 132, 0],
			"translation": [0, 7.75, 0.75],
			"scale": [0.68, 0.68, 0.68]
		},
		"ground": {
			"rotation": [-15, -15, 22],
			"translation": [-3, 7.75, -1.75],
			"scale": [0.7, 0.7, 0.7]
		},
		"gui": {
			"rotation": [36, 132, 0],
			"translation": [0, 2.25, 0],
			"scale": [0.69, 0.69, 0.69]
		},
		"head": {
			"translation": [0, 15.25, -0.75]
		},
		"fixed": {
			"rotation": [-71, 0, 0],
			"translation": [0, 2, -5.75],
			"scale": [0.8, 0.8, 0.8]
		}
	},
	"groups": [
		{
			"name": "base",
			"origin": [8, 0, 16],
			"color": 0,
			"nbt": "{}",
			"armAnimationEnabled": false,
			"children": [0, 1, 2, 3, 4, 5, 6, 7, 8, 9, 10, 11, 12, 13]
		},
		{
			"name": "buttons",
			"origin": [8, 2, 16],
			"color": 0,
			"nbt": "{}",
			"armAnimationEnabled": false,
			"children": [14, 15, 16]
		}
	]
}