{
	"credit": "Made by NavaRayUK",
	"ambientocclusion": false,
	"texture_size": [32, 32],
	"textures": {
		"2": "plack",
		"particle": "plack"
	},
	"elements": [
		{
			"from": [0, 0, 15],
			"to": [15, 1, 16],
			"faces": {
				"north": {"uv": [0.5, 14, 7, 14.5], "texture": "#2"},
				"south": {"uv": [0.5, 14, 7, 14.5], "texture": "#2"},
				"west": {"uv": [0, 14, 0.5, 14.5], "texture": "#2"},
				"up": {"uv": [0.5, 14, 7, 14.5], "texture": "#2"},
				"down": {"uv": [0.5, 14, 7, 14.5], "texture": "#2"}
			}
		},
		{
			"from": [1, 15, 15],
			"to": [16, 16, 16],
			"faces": {
				"north": {"uv": [0, 7.5, 6.5, 8], "texture": "#2"},
				"east": {"uv": [0, 7.5, 0.5, 8], "texture": "#2"},
				"south": {"uv": [0.5, 14, 7, 14.5], "texture": "#2"},
				"up": {"uv": [0, 7.5, 6.5, 8], "texture": "#2"},
				"down": {"uv": [0.03125, 7.53125, 6.53125, 8.03125], "texture": "#2"}
			}
		},
		{
			"from": [0, 1, 15],
			"to": [1, 16, 16],
			"faces": {
				"north": {"uv": [6.5, 7.5, 7, 14], "texture": "#2"},
				"east": {"uv": [6.5, 7.5, 7, 14], "texture": "#2"},
				"south": {"uv": [6.5, 7.5, 7, 14], "texture": "#2"},
				"west": {"uv": [6.5, 7.5, 7, 14], "texture": "#2"},
				"up": {"uv": [6.5, 7.5, 7, 8], "texture": "#2"}
			}
		},
		{
			"from": [15, 0, 15],
			"to": [16, 15, 16],
			"faces": {
				"north": {"uv": [0, 8, 0.5, 14.5], "texture": "#2"},
				"east": {"uv": [0, 8, 0.5, 14.5], "texture": "#2"},
				"south": {"uv": [0, 8, 0.5, 14.5], "texture": "#2"},
				"west": {"uv": [0, 8, 0.5, 14.5], "texture": "#2"},
				"down": {"uv": [0, 14, 0.49687, 14.5], "texture": "#2"}
			}
		},
		{
			"from": [1, 1, 15.35],
			"to": [15, 15, 15.85],
			"faces": {
				"north": {"uv": [9, 0, 16, 7], "texture": "#2"},
				"south": {"uv": [0, 7.5, 7, 14.5], "texture": "#2"}
			}
		}
	],
	"display": {
		"thirdperson_righthand": {
			"rotation": [0, 141, 0],
			"translation": [-1.5, 3, 2],
			"scale": [0.55, 0.55, 0.55]
		},
		"thirdperson_lefthand": {
			"rotation": [0, 141, 0],
			"translation": [-1.25, 3, 2],
			"scale": [0.55, 0.55, 0.55]
		},
		"firstperson_righthand": {
			"rotation": [0, -180, 0],
			"translation": [7.25, 2.5, 0]
		},
		"firstperson_lefthand": {
			"rotation": [0, -180, 0],
			"translation": [7.25, 2.5, 0]
		},
		"ground": {
			"rotation": [0, 0, 38],
			"translation": [-1, 8.5, -2]
		},
		"gui": {
			"rotation": [-14, 180, 32],
			"translation": [0.5, 1.5, 0],
			"scale": [0.7, 0.7, 0.7]
		},
		"head": {
			"rotation": [0, 180, 0],
			"translation": [0, 0, 14.75]
		},
		"fixed": {
			"translation": [0, 0, -10],
			"scale": [1.24609, 1.24609, 1.24609]
		}
	}
}