{
    "credit": "Made by NavaRayUK", 
    "ambientocclusion": false, 
    "textures": {
        "main": "block/tardis_airlock_close_animation"
    }, 
    "elements": [
        {
            "from": [ 0, 0, 7 ], 
            "to":   [ 16, 0.05, 9 ], 
            "faces": {
                "north": { "uv": [ 3, 3, 4, 2.8125 ], "texture": "#main" }, 
                "east":  { "uv": [ 2, 2, 2.1875, 3 ], "texture": "#main" }, 
                "south": { "uv": [ 3, 3, 4, 2.8125 ], "texture": "#main" }, 
                "west":  { "uv": [ 2, 2, 2.1875, 3 ], "texture": "#main" }, 
                "up":    { "uv": [ 3, 2.3125, 4, 2.4375 ], "texture": "#main" }, 
                "down":  { "uv": [ 2, 2, 3, 2.125 ], "texture": "#main" }
            }
        }, 
        {
            "from": [ 0, 29, 7 ], 
            "to":   [ 16, 32, 9 ], 
            "faces": {
                "north": { "uv": [ 3, 3, 4, 2.8125 ], "texture": "#main" }, 
                "east":  { "uv": [ 2, 2, 2.125, 2.1875 ], "texture": "#main" }, 
                "south": { "uv": [ 3, 3, 4, 2.8125 ], "texture": "#main" }, 
                "west":  { "uv": [ 2, 2, 2.125, 2.1875 ], "texture": "#main" }, 
                "up":    { "uv": [ 2, 2, 3, 2.125 ], "texture": "#main" }, 
                "down":  { "uv": [ 3, 2.3125, 4, 2.4375 ], "texture": "#main" }
            }
        }, 
        {
            "from": [ 0, 0, 7 ], 
            "to":   [ 16, 7, 9 ], 
            "faces": {
                "north": { "uv": [ 13, 3, 14, 2.5625 ], "texture": "#main" }, 
                "east":  { "uv": [ 12, 2, 12.1875, 3 ], "texture": "#main" }, 
                "south": { "uv": [ 13, 3, 14, 2.5625 ], "texture": "#main" }, 
                "west":  { "uv": [ 12, 2, 12.1875, 3 ], "texture": "#main" }, 
                "up":    { "uv": [ 13, 2.25, 14, 2.4375 ], "texture": "#main" }, 
                "down":  { "uv": [ 12, 2, 13, 2.1875 ], "texture": "#main" }
            }
        }, 
        {
            "from": [ 0, 25, 7 ], 
            "to":   [ 16, 32, 9 ], 
            "faces": {
                "north": { "uv": [ 13, 2.5625, 14, 3 ], "texture": "#main" }, 
                "east":  { "uv": [ 12, 2, 12.1875, 3 ], "texture": "#main" }, 
                "south": { "uv": [ 13, 2.5625, 14, 3 ], "texture": "#main" }, 
                "west":  { "uv": [ 12, 2, 12.1875, 3 ], "texture": "#main" }, 
                "up":    { "uv": [ 12, 2, 13, 2.1875 ], "texture": "#main" }, 
                "down":  { "uv": [ 13, 2.25, 14, 2.4375 ], "texture": "#main" }
            }
        }, 
        {
            "from": [ 0, 0, 7 ], 
            "to":   [ 16, 12, 9 ], 
            "faces": {
                "north": { "uv": [ 3, 13, 4, 12.25 ], "texture": "#main" }, 
                "east":  { "uv": [ 2, 12, 2.1875, 13 ], "texture": "#main" }, 
                "south": { "uv": [ 3, 13, 4, 12.25 ], "texture": "#main" }, 
                "west":  { "uv": [ 2, 12, 2.1875, 13 ], "texture": "#main" }, 
                "up":    { "uv": [ 3, 12.25, 4, 12.4375 ], "texture": "#main" }, 
                "down":  { "uv": [ 2, 12, 3, 12.1875 ], "texture": "#main" }
            }
        }, 
        {
            "from": [ 0, 20, 7 ], 
            "to":   [ 16, 32, 9 ], 
            "faces": {
                "north": { "uv": [ 3, 12.25, 4, 13 ], "texture": "#main" }, 
                "east":  { "uv": [ 2, 12, 2.1875, 13 ], "texture": "#main" }, 
                "south": { "uv": [ 3, 12.25, 4, 13 ], "texture": "#main" }, 
                "west":  { "uv": [ 2, 12, 2.1875, 13 ], "texture": "#main" }, 
                "up":    { "uv": [ 2, 12, 3, 12.1875 ], "texture": "#main" }, 
                "down":  { "uv": [ 3, 12.25, 4, 12.4375 ], "texture": "#main" }
            }
        }, 
        {
            "from": [ 0, 0, 8 ], 
            "to":   [ 16, 16, 10 ], 
            "faces": {
                "north": { "uv": [ 13, 13, 14, 12 ], "texture": "#main" }, 
                "east":  { "uv": [ 12, 12, 12.1875, 13 ], "texture": "#main" }, 
                "south": { "uv": [ 13, 13, 14, 12 ], "texture": "#main" }, 
                "west":  { "uv": [ 12, 12, 12.1875, 13 ], "texture": "#main" }, 
                "up":    { "uv": [ 13, 12.25, 14, 12.4375 ], "texture": "#main" }, 
                "down":  { "uv": [ 12, 12, 13, 12.1875 ], "texture": "#main" }
            }
        }, 
        {
            "from": [ 0, 16, 8 ], 
            "to":   [ 16, 32, 10 ], 
            "faces": {
                "north": { "uv": [ 13, 12, 14, 13 ], "texture": "#main" }, 
                "east":  { "uv": [ 12, 12, 12.1875, 13 ], "texture": "#main" }, 
                "south": { "uv": [ 13, 12, 14, 13 ], "texture": "#main" }, 
                "west":  { "uv": [ 12, 12, 12.1875, 13 ], "texture": "#main" }, 
                "up":    { "uv": [ 12, 12, 13, 12.1875 ], "texture": "#main" }, 
                "down":  { "uv": [ 13, 12.25, 14, 12.4375 ], "texture": "#main" }
            }
        }
    ], 
    "__comment": "Model animated using Fizzy's model animator - http://fizzy81.github.io/animated-models/"
}