{
  "_fv": 34,
  "_type": "gui",
  "definition": {
    "type": 0,
    "width": 231,
    "height": 229,
    "inventoryOffsetX": 0,
    "inventoryOffsetY": 0,
    "renderBgLayer": false,
    "doesPauseGame": false,
    "components": [
      {
        "type": "button",
        "data": {
          "text": "Blank small - soon",
          "width": 125,
          "height": 20,
          "name": "Blank small - soon",
          "x": 153,
          "y": 62
        }
      },
      {
        "type": "button",
        "data": {
          "text": "Blank Larg",
          "onClick": {
            "name": "PlaceBaseBigBlank"
          },
          "width": 125,
          "height": 20,
          "name": "Blank Larg",
          "x": 153,
          "y": 86
        }
      },
      {
        "type": "button",
        "data": {
          "text": "Back",
          "onClick": {
            "name": "BackPage"
          },
          "width": 125,
          "height": 20,
          "name": "Back",
          "x": 153,
          "y": 166
        }
      },
      {
        "type": "button",
        "data": {
          "text": "Farms - soon",
          "width": 125,
          "height": 20,
          "name": "Farms - soon",
          "x": 153,
          "y": 110
        }
      },
      {
        "type": "button",
        "data": {
          "text": "Portals- soon",
          "width": 125,
          "height": 20,
          "name": "Portals- soon",
          "x": 153,
          "y": 134
        }
      },
      {
        "type": "image",
        "data": {
          "image": "lightgui.png",
          "use1Xscale": false,
          "name": "lightgui.png",
          "x": 98,
          "y": 6
        }
      }
    ],
    "gridSettings": {
      "sx": 16,
      "sy": 16,
      "ox": 18,
      "oy": 10,
      "snapOnGrid": true
    }
  }
}