{
  "_fv": 34,
  "_type": "gui",
  "definition": {
    "type": 0,
    "width": 231,
    "height": 229,
    "inventoryOffsetX": 0,
    "inventoryOffsetY": 0,
    "renderBgLayer": false,
    "doesPauseGame": false,
    "components": [
      {
        "type": "button",
        "data": {
          "text": "Light Airlock",
          "onClick": {
            "name": "PlaceLightAirlock"
          },
          "width": 125,
          "height": 20,
          "name": "Light Airlock",
          "x": 154,
          "y": 62
        }
      },
      {
        "type": "button",
        "data": {
          "text": "Dark Airlock - soon",
          "onClick": {
            "name": "BasePage"
          },
          "width": 125,
          "height": 20,
          "name": "Dark Airlock - soon",
          "x": 154,
          "y": 94
        }
      },
      {
        "type": "button",
        "data": {
          "text": "Windows - soon",
          "width": 125,
          "height": 20,
          "name": "Windows - soon",
          "x": 154,
          "y": 126
        }
      },
      {
        "type": "button",
        "data": {
          "text": "Back",
          "onClick": {
            "name": "BackPage"
          },
          "width": 125,
          "height": 20,
          "name": "Back",
          "x": 154,
          "y": 166
        }
      },
      {
        "type": "image",
        "data": {
          "image": "lightgui.png",
          "use1Xscale": false,
          "name": "lightgui.png",
          "x": 98,
          "y": 6
        }
      }
    ],
    "gridSettings": {
      "sx": 16,
      "sy": 16,
      "ox": 19,
      "oy": 10,
      "snapOnGrid": true
    }
  }
}