{
  "_fv": 34,
  "_type": "procedure",
  "definition": {
    "procedurexml": "<?xml version=\"1.0\" encoding=\"UTF-8\" standalone=\"no\"?><xml xmlns=\"https://developers.google.com/blockly/xml\"><block deletable=\"false\" type=\"event_trigger\" x=\"32\" y=\"37\"><field name=\"trigger\">no_ext_trigger</field><next><block type=\"place_schematic\"><field name=\"rotation\">NONE</field><field name=\"mirror\">NONE</field><field name=\"schematic\">starterpack2</field><value name=\"x\"><block type=\"coord_x\"/></value><value name=\"y\"><block type=\"coord_y\"/></value><value name=\"z\"><block type=\"coord_z\"/></value><next><block type=\"play_sound\"><field name=\"sound\">entity.endermen.teleport</field><field name=\"soundcategory\">master</field><value name=\"x\"><block type=\"coord_x\"/></value><value name=\"y\"><block type=\"coord_y\"/></value><value name=\"z\"><block type=\"coord_z\"/></value><value name=\"level\"><block type=\"math_number\"><field name=\"NUM\">3</field></block></value><value name=\"pitch\"><block type=\"math_number\"><field name=\"NUM\">1</field></block></value><next><block inline=\"false\" type=\"execute_command\"><value name=\"command\"><block type=\"text_join\"><mutation items=\"3\"/><value name=\"ADD0\"><block type=\"text\"><field name=\"TEXT\">/tellraw </field></block></value><value name=\"ADD1\"><block type=\"entity_name\"><value name=\"entity\"><block type=\"entity_from_deps\"/></value></block></value><value name=\"ADD2\"><block type=\"text\"><field name=\"TEXT\"> [\"\",{\"text\":\"The sugar c\",\"color\":\"green\"},{\"text\":\"a\",\"obfuscated\":true,\"color\":\"green\"},{\"text\":\"ne is the truth\",\"color\":\"green\"},{\"text\":\", \"},{\"text\":\"welcome to your\",\"color\":\"green\"},{\"text\":\" \"},{\"text\":\"starter k\",\"color\":\"red\"},{\"text\":\"i\",\"obfuscated\":true,\"color\":\"red\"},{\"text\":\"t\",\"color\":\"red\"},{\"text\":\", \"},{\"text\":\"enjoy\",\"color\":\"green\"}]</field></block></value></block></value><value name=\"x\"><block type=\"coord_x\"/></value><value name=\"y\"><block type=\"coord_y\"/></value><value name=\"z\"><block type=\"coord_z\"/></value></block></next></block></next></block></next></block></xml>"
  }
}