{
  "_fv": 34,
  "_type": "recipe",
  "definition": {
    "recipeType": "Crafting",
    "xpReward": 0.0,
    "cookingTime": 200,
    "recipeRetstackSize": 1,
    "group": "",
    "recipeShapeless": false,
    "recipeSlots": [
      {
        "value": "Items.GOLD_NUGGET"
      },
      {
        "value": "Blocks.GOLD_BLOCK"
      },
      {
        "value": "Items.GOLD_NUGGET"
      },
      {
        "value": "Items.GOLD_NUGGET"
      },
      {
        "value": "CUSTOM:SugarCaneJuice"
      },
      {
        "value": "Items.GOLD_NUGGET"
      },
      {
        "value": "Blocks.GOLD_BLOCK"
      },
      {
        "value": "Items.GOLD_NUGGET"
      },
      {
        "value": "Blocks.GOLD_BLOCK"
      }
    ],
    "recipeReturnStack": {
      "value": "CUSTOM:GoldenSugarCaneJuice"
    },
    "name": "golden_sugar_cane_recipe",
    "namespace": "mod"
  }
}