{
  "_fv": 34,
  "_type": "recipe",
  "definition": {
    "recipeType": "Crafting",
    "xpReward": 0.0,
    "cookingTime": 200,
    "recipeRetstackSize": 1,
    "group": "",
    "recipeShapeless": false,
    "recipeSlots": [
      {
        "value": "CUSTOM:PandoramCaneIngot"
      },
      {
        "value": "CUSTOM:MoltenPandoram.bucket"
      },
      {
        "value": "CUSTOM:PandoramCaneIngot"
      },
      {
        "value": "CUSTOM:PandoramCaneIngot"
      },
      {
        "value": "CUSTOM:PandoramCaneIngot"
      },
      {
        "value": "CUSTOM:PandoramCaneIngot"
      },
      {
        "value": "CUSTOM:SugarCube"
      },
      {
        "value": "CUSTOM:PandoramCaneIngot"
      },
      {
        "value": "CUSTOM:SugarCube"
      }
    ],
    "recipeReturnStack": {
      "value": "CUSTOM:HeartOfCane"
    },
    "name": "heart_of_cane_recipe",
    "namespace": "mod"
  }
}