{
  "_fv": 34,
  "_type": "recipe",
  "definition": {
    "recipeType": "Crafting",
    "xpReward": 0.0,
    "cookingTime": 200,
    "recipeRetstackSize": 1,
    "group": "",
    "recipeShapeless": false,
    "recipeSlots": [
      {
        "value": "CUSTOM:PandoramCaneIngot"
      },
      {
        "value": "CUSTOM:SugarCube"
      },
      {
        "value": "CUSTOM:PandoramCaneIngot"
      },
      {
        "value": "CUSTOM:PandoramCaneIngot"
      },
      {
        "value": "Items.LAVA_BUCKET"
      },
      {
        "value": "CUSTOM:PandoramCaneIngot"
      },
      {
        "value": "CUSTOM:PandoramCaneIngot"
      },
      {
        "value": "Blocks.REEDS"
      },
      {
        "value": "CUSTOM:PandoramCaneIngot"
      }
    ],
    "recipeReturnStack": {
      "value": "CUSTOM:MoltenPandoram.bucket"
    },
    "name": "molten_pandoram_recipe",
    "namespace": "mod"
  }
}