{
  "_fv": 34,
  "_type": "recipe",
  "definition": {
    "recipeType": "Crafting",
    "xpReward": 0.0,
    "cookingTime": 200,
    "recipeRetstackSize": 1,
    "group": "",
    "recipeShapeless": false,
    "recipeSlots": [
      {
        "value": "CUSTOM:PandoramCaneIngot"
      },
      {
        "value": "CUSTOM:PandoramCaneIngot"
      },
      {
        "value": "CUSTOM:PandoramCaneIngot"
      },
      {
        "value": "CUSTOM:PandoramCaneIngot"
      },
      {
        "value": "Items.DIAMOND_HELMET"
      },
      {
        "value": "CUSTOM:PandoramCaneIngot"
      },
      {
        "value": ""
      },
      {
        "value": ""
      },
      {
        "value": ""
      }
    ],
    "recipeReturnStack": {
      "value": "CUSTOM:PandoramCaneArmor.helmet"
    },
    "name": "pandoram_cane_helmet",
    "namespace": "mod"
  }
}