{
  "_fv": 34,
  "_type": "armor",
  "definition": {
    "enableHelmet": true,
    "textureHelmet": "doc_reed_head",
    "enableBody": true,
    "textureBody": "doc_reed_body",
    "enableLeggings": true,
    "textureLeggings": "doc_reed_leggins",
    "enableBoots": true,
    "textureBoots": "doc_reed_boots",
    "creativeTab": {
      "value": "CUSTOM:DocBlocks"
    },
    "armorTextureFile": "doc_reed__",
    "helmetName": "Pandoram Cane Helmet",
    "bodyName": "Pandoram Cane  Chestplate",
    "leggingsName": "Pandoram Cane Leggings",
    "bootsName": "Pandoram Cane Boots",
    "helmetSpecialInfo": [],
    "bodySpecialInfo": [],
    "leggingsSpecialInfo": [],
    "bootsSpecialInfo": [],
    "helmetModelName": "Default",
    "helmetModelPart": "Helmet",
    "helmetModelTexture": "From armor",
    "bodyModelName": "Default",
    "bodyModelPart": "Body",
    "armsModelPartL": "Arms L",
    "armsModelPartR": "Arms R",
    "bodyModelTexture": "From armor",
    "leggingsModelName": "Default",
    "leggingsModelPartL": "Leggings L",
    "leggingsModelPartR": "Leggings R",
    "leggingsModelTexture": "From armor",
    "bootsModelName": "Default",
    "bootsModelPartL": "Boots L",
    "bootsModelPartR": "Boots R",
    "bootsModelTexture": "From armor",
    "helmetImmuneToFire": false,
    "bodyImmuneToFire": false,
    "leggingsImmuneToFire": false,
    "bootsImmuneToFire": false,
    "maxDamage": 50,
    "damageValueHelmet": 10,
    "damageValueBody": 14,
    "damageValueLeggings": 19,
    "damageValueBoots": 8,
    "enchantability": 30,
    "toughness": 0.0,
    "knockbackResistance": 0.2,
    "equipSound": {
      "value": "item.armor.equip_chain"
    },
    "repairItems": [
      {
        "value": "CUSTOM:PandoramCaneIngot"
      }
    ]
  }
}