{
  "_fv": 34,
  "_type": "recipe",
  "definition": {
    "recipeType": "Crafting",
    "xpReward": 0.0,
    "cookingTime": 200,
    "recipeRetstackSize": 4,
    "group": "",
    "recipeShapeless": false,
    "recipeSlots": [
      {
        "value": "Blocks.REEDS"
      },
      {
        "value": "CUSTOM:SugarCube"
      },
      {
        "value": "Blocks.REEDS"
      },
      {
        "value": "CUSTOM:PandoramCaneIngot"
      },
      {
        "value": "Items.DIAMOND"
      },
      {
        "value": "CUSTOM:PandoramCaneIngot"
      },
      {
        "value": "CUSTOM:PandoramNugget"
      },
      {
        "value": "CUSTOM:SugarCube"
      },
      {
        "value": "CUSTOM:PandoramNugget"
      }
    ],
    "recipeReturnStack": {
      "value": "CUSTOM:QuantumShard"
    },
    "name": "quantum_shard_recipe",
    "namespace": "mod"
  }
}