{
  "_fv": 34,
  "_type": "item",
  "definition": {
    "renderType": 0,
    "texture": "sugarcanejuice",
    "customModelName": "Normal",
    "name": "Sugar Cane Juice",
    "rarity": "COMMON",
    "creativeTab": {
      "value": "CUSTOM:DocBlocks"
    },
    "stackSize": 64,
    "enchantability": 0,
    "useDuration": 32,
    "toolType": 1.0,
    "damageCount": 0,
    "recipeRemainder": {
      "value": ""
    },
    "destroyAnyBlock": false,
    "immuneToFire": false,
    "stayInGridWhenCrafting": false,
    "damageOnCrafting": false,
    "enableMeleeDamage": false,
    "damageVsEntity": 0.0,
    "specialInfo": [],
    "hasGlow": false,
    "guiBoundTo": "<NONE>",
    "inventorySize": 9,
    "inventoryStackSize": 64,
    "onFinishUsingItem": {
      "name": "SugarCaneJuicePlayerFinishesUsingItem"
    },
    "isFood": true,
    "nutritionalValue": 7,
    "saturation": 6.0,
    "eatResultItem": {
      "value": "Items.GLASS_BOTTLE"
    },
    "isMeat": false,
    "isAlwaysEdible": true,
    "animation": "eat"
  }
}