{
  "_fv": 34,
  "_type": "recipe",
  "definition": {
    "recipeType": "Crafting",
    "xpReward": 0.0,
    "cookingTime": 200,
    "recipeRetstackSize": 9,
    "group": "",
    "recipeShapeless": false,
    "recipeSlots": [
      {
        "value": "CUSTOM:SugarcaneAndBottle"
      },
      {
        "value": "CUSTOM:SugarcaneAndBottle"
      },
      {
        "value": "CUSTOM:SugarcaneAndBottle"
      },
      {
        "value": "CUSTOM:SugarcaneAndBottle"
      },
      {
        "value": "CUSTOM:SugarcaneAndBottle"
      },
      {
        "value": "CUSTOM:SugarcaneAndBottle"
      },
      {
        "value": "CUSTOM:SugarcaneAndBottle"
      },
      {
        "value": "CUSTOM:SugarcaneAndBottle"
      },
      {
        "value": "CUSTOM:SugarcaneAndBottle"
      }
    ],
    "recipeReturnStack": {
      "value": "CUSTOM:SugarCaneJuice"
    },
    "name": "sugar_cane_juice_recipe",
    "namespace": "mod"
  }
}