{
	"credit": "Made by NavaRayUK",
	"ambientocclusion": false,
	"textures": {
		"0": "db:blocks/factory_door_lower",
		"1": "db:blocks/factory_door_upper",
		"particle": "db:blocks/factory_door_lower"
	},
	"elements": [
		{
			"from": [0, 0, 7],
			"to": [16, 0.05, 10],
			"faces": {
				"north": {"uv": [0, 16, 16, 13], "texture": "#1"},
				"east": {"uv": [0, 0, 3, 16], "texture": "#0"},
				"south": {"uv": [0, 16, 16, 13], "texture": "#1"},
				"west": {"uv": [0, 0, 3, 16], "texture": "#0"},
				"up": {"uv": [16, 10, 0, 13], "texture": "#1"},
				"down": {"uv": [0, 12, 16, 15], "texture": "#0"}
			}
		},
		{
			"from": [0, 29, 7],
			"to": [16, 32, 10],
			"faces": {
				"north": {"uv": [0, 16, 16, 13], "texture": "#1"},
				"east": {"uv": [6, 6, 9, 9], "texture": "#0"},
				"south": {"uv": [16, 16, 0, 13], "texture": "#1"},
				"west": {"uv": [6, 6, 9, 9], "texture": "#0"},
				"up": {"uv": [0, 12, 16, 15], "texture": "#0"},
				"down": {"uv": [16, 10, 0, 13], "texture": "#1"}
			}
		}
	]
}