{
	"credit": "Made by NavaRayUK",
	"ambientocclusion": false,
	"textures": {
		"0": "smooth_light_airlock_tardis",
		"1": "light_airlock_tardis",
		"particle": "smooth_light_airlock_tardis"
	},
	"elements": [
		{
			"from": [1, 14, 8],
			"to": [15, 15, 8],
			"faces": {
				"north": {"uv": [0, 5, 16, 6], "texture": "#1"},
				"east": {"uv": [0, 0, 2, 16], "texture": "#0"},
				"south": {"uv": [0, 5, 16, 6], "texture": "#1"},
				"west": {"uv": [0, 0, 2, 16], "texture": "#0"},
				"up": {"uv": [0, 0, 16, 2], "texture": "#0"},
				"down": {"uv": [0, 4, 16, 7], "texture": "#1"}
			}
		}
	],
	"display": {
		"thirdperson_righthand": {
			"rotation": [75, 45, 0],
			"translation": [-9.25, 2, 0.25],
			"scale": [0.375, 0.375, 0.375]
		},
		"thirdperson_lefthand": {
			"rotation": [75, 45, 0],
			"translation": [-9.25, 2, 0.25],
			"scale": [0.375, 0.375, 0.375]
		},
		"firstperson_righthand": {
			"rotation": [0, 106, 0],
			"scale": [0.4, 0.4, 0.4]
		},
		"firstperson_lefthand": {
			"rotation": [0, 106, 0],
			"scale": [0.4, 0.4, 0.4]
		},
		"ground": {
			"translation": [0, 5.75, 0],
			"scale": [0.25, 0.25, 0.25]
		},
		"gui": {
			"rotation": [30, 225, 0],
			"translation": [0, -3, 0],
			"scale": [0.5293, 0.39063, 0.625]
		},
		"fixed": {
			"translation": [0, -4, 0],
			"scale": [0.5, 0.38672, 0.5]
		}
	}
}