{
	"credit": "Made by NavaRayUK",
	"ambientocclusion": false,
	"texture_size": [64, 64],
	"textures": {
		"0": "computer_tardis",
		"particle": "computer_tardis"
	},
	"elements": [
		{
			"from": [0, 0.01, 0],
			"to": [16, 0.01, 16],
			"rotation": {"angle": 0, "axis": "x", "origin": [8, 0, 16]},
			"faces": {
				"north": {"uv": [8.5, 0.75, 12.5, 0.75], "texture": "#0"},
				"east": {"uv": [8.5, 1, 12.5, 1], "texture": "#0"},
				"south": {"uv": [8.5, 1.25, 12.5, 1.25], "texture": "#0"},
				"west": {"uv": [8.5, 1.5, 12.5, 1.5], "texture": "#0"},
				"up": {"uv": [4, 12.5, 0, 8.5], "texture": "#0"},
				"down": {"uv": [4, 8.5, 0, 12.5], "texture": "#0"}
			}
		},
		{
			"from": [16, 0, 6],
			"to": [16, 4, 16],
			"faces": {
				"east": {"uv": [0, 14, 2.5, 15], "texture": "#0"},
				"west": {"uv": [0, 15, 2.5, 16], "texture": "#0"}
			}
		},
		{
			"from": [15.9, 0, 6],
			"to": [15.9, 4, 16],
			"faces": {
				"east": {"uv": [0, 14, 2.5, 15], "texture": "#0"},
				"west": {"uv": [13.5, 15, 16, 16], "texture": "#0"}
			}
		},
		{
			"from": [6, 0, 16],
			"to": [16, 4, 16],
			"faces": {
				"north": {"uv": [2.5, 15, 0, 16], "texture": "#0"}
			}
		},
		{
			"from": [6, 0, 15.9],
			"to": [16, 4, 15.9],
			"faces": {
				"north": {"uv": [16, 13.1875, 13.5, 14.1875], "texture": "#0"}
			}
		},
		{
			"from": [7, 1, 7],
			"to": [16, 1, 16],
			"faces": {
				"up": {"uv": [6.125, 13.6875, 3.875, 11.4375], "texture": "#0"},
				"down": {"uv": [6.125, 11.4375, 3.875, 13.6875], "texture": "#0"}
			}
		},
		{
			"from": [7, 2, 7],
			"to": [16, 2, 16],
			"faces": {
				"up": {"uv": [6.125, 16, 3.875, 13.75], "texture": "#0"},
				"down": {"uv": [6.125, 13.75, 3.875, 16], "texture": "#0"}
			}
		},
		{
			"from": [14, 0, 11],
			"to": [16, 2, 11],
			"faces": {
				"north": {"uv": [8.4375, 6.875, 8.9375, 7.375], "texture": "#0"},
				"south": {"uv": [8.9375, 6.875, 8.4375, 7.375], "texture": "#0"}
			}
		}
	],
	"display": {
		"thirdperson_righthand": {
			"rotation": [8, 154, 0],
			"translation": [0, 2, -2.25],
			"scale": [0.36, 0.36, 0.36]
		},
		"thirdperson_lefthand": {
			"rotation": [8, 154, 0],
			"translation": [0, 2, -2.25],
			"scale": [0.36, 0.36, 0.36]
		},
		"firstperson_righthand": {
			"rotation": [0, 132, 0],
			"translation": [0, 7.75, 0.75],
			"scale": [0.68, 0.68, 0.68]
		},
		"firstperson_lefthand": {
			"rotation": [0, 132, 0],
			"translation": [0, 7.75, 0.75],
			"scale": [0.68, 0.68, 0.68]
		},
		"ground": {
			"rotation": [-15, -15, 22],
			"translation": [-3, 7.75, -1.75],
			"scale": [0.7, 0.7, 0.7]
		},
		"gui": {
			"rotation": [36, 132, 0],
			"translation": [0, 2.25, 0],
			"scale": [0.69, 0.69, 0.69]
		},
		"head": {
			"translation": [0, 15.25, -0.75]
		},
		"fixed": {
			"rotation": [-71, 0, 0],
			"translation": [0, 2, -5.75],
			"scale": [0.8, 0.8, 0.8]
		}
	}
}