{
	"credit": "Made by NavaRayUK",
	"ambientocclusion": false,
	"textures": {
		"1": "db:blocks/canebail_side",
		"2": "db:blocks/caneore",
		"3": "db:blocks/quantum_block",
		"5": "db:blocks/sugar9"
	},
	"elements": [
		{
			"from": [7, 4, -8.75],
			"to": [8, 5, 17],
			"faces": {
				"north": {"uv": [3, 9, 4, 10], "texture": "#5"},
				"east": {"uv": [8, 0, 9, 16], "rotation": 90, "texture": "#5"},
				"south": {"uv": [0, 0, 1, 1], "texture": "#5"},
				"west": {"uv": [4, 0, 5, 16], "rotation": 90, "texture": "#5"},
				"up": {"uv": [4, 0, 5, 16], "texture": "#5"},
				"down": {"uv": [12, 0, 13, 16], "rotation": 180, "texture": "#5"}
			}
		},
		{
			"from": [8, 4.75, -6],
			"to": [8.25, 5, 11],
			"faces": {
				"north": {"uv": [3, 9, 4, 10], "texture": "#5"},
				"east": {"uv": [15, 0, 16, 16], "rotation": 90, "texture": "#5"},
				"south": {"uv": [0, 0, 1, 1], "texture": "#5"},
				"west": {"uv": [7, 0, 8, 16], "rotation": 90, "texture": "#5"},
				"up": {"uv": [7, 0, 8, 16], "texture": "#5"},
				"down": {"uv": [13, 0, 14, 16], "texture": "#5"}
			}
		},
		{
			"from": [8, 4, -6],
			"to": [8.25, 4.25, 11],
			"faces": {
				"north": {"uv": [3, 9, 4, 10], "texture": "#5"},
				"east": {"uv": [15, 0, 16, 16], "rotation": 90, "texture": "#5"},
				"south": {"uv": [0, 0, 1, 1], "texture": "#5"},
				"west": {"uv": [7, 0, 8, 16], "rotation": 90, "texture": "#5"},
				"up": {"uv": [7, 0, 8, 16], "texture": "#5"},
				"down": {"uv": [13, 0, 14, 16], "texture": "#5"}
			}
		},
		{
			"from": [6.75, 4.75, -6],
			"to": [7, 5, 11],
			"faces": {
				"north": {"uv": [3, 9, 4, 10], "texture": "#5"},
				"east": {"uv": [15, 0, 16, 16], "rotation": 90, "texture": "#5"},
				"south": {"uv": [0, 0, 1, 1], "texture": "#5"},
				"west": {"uv": [7, 0, 8, 16], "rotation": 90, "texture": "#5"},
				"up": {"uv": [7, 0, 8, 16], "texture": "#5"},
				"down": {"uv": [13, 0, 14, 16], "texture": "#5"}
			}
		},
		{
			"from": [7, 5, -6],
			"to": [7.25, 5.25, 11],
			"faces": {
				"north": {"uv": [3, 9, 4, 10], "texture": "#5"},
				"east": {"uv": [15, 0, 16, 16], "rotation": 90, "texture": "#5"},
				"south": {"uv": [0, 0, 1, 1], "texture": "#5"},
				"west": {"uv": [7, 0, 8, 16], "rotation": 90, "texture": "#5"},
				"up": {"uv": [7, 0, 8, 16], "texture": "#5"},
				"down": {"uv": [13, 0, 14, 16], "texture": "#5"}
			}
		},
		{
			"from": [6.75, 4, -6],
			"to": [7, 4.25, 11],
			"faces": {
				"north": {"uv": [3, 9, 4, 10], "texture": "#5"},
				"east": {"uv": [15, 0, 16, 16], "rotation": 90, "texture": "#5"},
				"south": {"uv": [0, 0, 1, 1], "texture": "#5"},
				"west": {"uv": [7, 0, 8, 16], "rotation": 90, "texture": "#5"},
				"up": {"uv": [7, 0, 8, 16], "texture": "#5"},
				"down": {"uv": [13, 0, 14, 16], "texture": "#5"}
			}
		},
		{
			"from": [7, 3.75, -6],
			"to": [7.25, 4, 11],
			"faces": {
				"north": {"uv": [3, 9, 4, 10], "texture": "#5"},
				"east": {"uv": [15, 0, 16, 16], "rotation": 90, "texture": "#5"},
				"south": {"uv": [0, 0, 1, 1], "texture": "#5"},
				"west": {"uv": [7, 0, 8, 16], "rotation": 90, "texture": "#5"},
				"up": {"uv": [7, 0, 8, 16], "texture": "#5"},
				"down": {"uv": [13, 0, 14, 16], "texture": "#5"}
			}
		},
		{
			"from": [7.75, 3.75, -6],
			"to": [8, 4, 11],
			"faces": {
				"north": {"uv": [3, 9, 4, 10], "texture": "#5"},
				"east": {"uv": [15, 0, 16, 16], "rotation": 90, "texture": "#5"},
				"south": {"uv": [0, 0, 1, 1], "texture": "#5"},
				"west": {"uv": [7, 0, 8, 16], "rotation": 90, "texture": "#5"},
				"up": {"uv": [7, 0, 8, 16], "texture": "#5"},
				"down": {"uv": [13, 0, 14, 16], "texture": "#5"}
			}
		},
		{
			"from": [7.75, 5, -6],
			"to": [8, 5.25, 11],
			"faces": {
				"north": {"uv": [3, 9, 4, 10], "texture": "#5"},
				"east": {"uv": [15, 0, 16, 16], "rotation": 90, "texture": "#5"},
				"south": {"uv": [0, 0, 1, 1], "texture": "#5"},
				"west": {"uv": [7, 0, 8, 16], "rotation": 90, "texture": "#5"},
				"up": {"uv": [7, 0, 8, 16], "texture": "#5"},
				"down": {"uv": [13, 0, 14, 16], "texture": "#5"}
			}
		},
		{
			"from": [7, -3, -9],
			"to": [8, 4, -8],
			"faces": {
				"north": {"uv": [1, 9, 5, 10], "rotation": 90, "texture": "#3"},
				"east": {"uv": [1, 9, 5, 10], "rotation": 90, "texture": "#3"},
				"south": {"uv": [1, 9, 5, 10], "rotation": 90, "texture": "#3"},
				"west": {"uv": [1, 9, 5, 10], "rotation": 90, "texture": "#3"},
				"up": {"uv": [1, 9, 5, 10], "rotation": 90, "texture": "#3"},
				"down": {"uv": [1, 9, 5, 10], "rotation": 90, "texture": "#3"}
			}
		},
		{
			"from": [7.1, 3, -9.4],
			"to": [7.9, 3.8, -9],
			"faces": {
				"north": {"uv": [4, 14, 6, 15], "rotation": 90, "texture": "#3"},
				"east": {"uv": [4, 14, 6, 15], "rotation": 90, "texture": "#3"},
				"south": {"uv": [4, 14, 6, 15], "rotation": 90, "texture": "#3"},
				"west": {"uv": [4, 14, 6, 15], "rotation": 90, "texture": "#3"},
				"up": {"uv": [4, 14, 6, 15], "rotation": 90, "texture": "#3"},
				"down": {"uv": [4, 14, 6, 15], "rotation": 90, "texture": "#3"}
			}
		},
		{
			"from": [7, 3.8, -9.5],
			"to": [8, 4, -9],
			"faces": {
				"north": {"uv": [4, 14, 6, 15], "rotation": 90, "texture": "#3"},
				"east": {"uv": [4, 14, 6, 15], "rotation": 90, "texture": "#3"},
				"south": {"uv": [4, 14, 6, 15], "rotation": 90, "texture": "#3"},
				"west": {"uv": [4, 14, 6, 15], "rotation": 90, "texture": "#3"},
				"up": {"uv": [4, 14, 6, 15], "rotation": 90, "texture": "#3"},
				"down": {"uv": [4, 14, 6, 15], "rotation": 90, "texture": "#3"}
			}
		},
		{
			"from": [7, 5, -9.5],
			"to": [8, 5.2, -9],
			"faces": {
				"north": {"uv": [4, 14, 6, 15], "rotation": 90, "texture": "#3"},
				"east": {"uv": [4, 14, 6, 15], "rotation": 90, "texture": "#3"},
				"south": {"uv": [4, 14, 6, 15], "rotation": 90, "texture": "#3"},
				"west": {"uv": [4, 14, 6, 15], "rotation": 90, "texture": "#3"},
				"up": {"uv": [4, 14, 6, 15], "rotation": 90, "texture": "#3"},
				"down": {"uv": [4, 14, 6, 15], "rotation": 90, "texture": "#3"}
			}
		},
		{
			"from": [7, 3.25, -8],
			"to": [8, 4, -7],
			"faces": {
				"north": {"uv": [4, 14, 6, 15], "rotation": 90, "texture": "#3"},
				"east": {"uv": [4, 14, 6, 15], "rotation": 90, "texture": "#3"},
				"south": {"uv": [4, 14, 6, 15], "rotation": 90, "texture": "#3"},
				"west": {"uv": [4, 14, 6, 15], "rotation": 90, "texture": "#3"},
				"up": {"uv": [4, 14, 6, 15], "rotation": 90, "texture": "#3"},
				"down": {"uv": [4, 14, 6, 15], "rotation": 90, "texture": "#3"}
			}
		},
		{
			"from": [7, 5, -7],
			"to": [8, 5.25, -6],
			"faces": {
				"north": {"uv": [0, 0, 16, 16], "texture": "#3"},
				"east": {"uv": [0, 0, 16, 16], "texture": "#3"},
				"south": {"uv": [0, 0, 16, 16], "texture": "#3"},
				"west": {"uv": [0, 0, 16, 16], "texture": "#3"},
				"up": {"uv": [0, 0, 16, 16], "texture": "#3"},
				"down": {"uv": [0, 0, 16, 16], "texture": "#3"}
			}
		},
		{
			"from": [7, 3.75, -7],
			"to": [8, 4, -6],
			"faces": {
				"north": {"uv": [0, 0, 16, 16], "texture": "#3"},
				"east": {"uv": [0, 0, 16, 16], "texture": "#3"},
				"south": {"uv": [0, 0, 16, 16], "texture": "#3"},
				"west": {"uv": [0, 0, 16, 16], "texture": "#3"},
				"up": {"uv": [0, 0, 16, 16], "texture": "#3"},
				"down": {"uv": [0, 0, 16, 16], "texture": "#3"}
			}
		},
		{
			"from": [7.25, 0, -5.75],
			"to": [7.75, 4, -5.25],
			"faces": {
				"north": {"uv": [0, 0, 1, 3], "texture": "#3"},
				"east": {"uv": [0, 0, 1, 3], "texture": "#3"},
				"south": {"uv": [0, 0, 1, 3], "texture": "#3"},
				"west": {"uv": [0, 0, 1, 3], "texture": "#3"},
				"up": {"uv": [0, 0, 1, 3], "texture": "#3"},
				"down": {"uv": [0, 0, 1, 3], "texture": "#3"}
			}
		},
		{
			"from": [0, 4, -9],
			"to": [7, 5, -8],
			"faces": {
				"north": {"uv": [1, 9, 5, 10], "texture": "#3"},
				"east": {"uv": [1, 9, 5, 10], "texture": "#3"},
				"south": {"uv": [1, 9, 5, 10], "texture": "#3"},
				"west": {"uv": [1, 9, 5, 10], "texture": "#3"},
				"up": {"uv": [1, 9, 5, 10], "texture": "#3"},
				"down": {"uv": [1, 9, 5, 10], "texture": "#3"}
			}
		},
		{
			"from": [8, 4, -9],
			"to": [15, 5, -8],
			"faces": {
				"north": {"uv": [1, 9, 5, 10], "texture": "#3"},
				"east": {"uv": [1, 9, 5, 10], "texture": "#3"},
				"south": {"uv": [1, 9, 5, 10], "texture": "#3"},
				"west": {"uv": [1, 9, 5, 10], "texture": "#3"},
				"up": {"uv": [1, 9, 5, 10], "texture": "#3"},
				"down": {"uv": [1, 9, 5, 10], "texture": "#3"}
			}
		},
		{
			"from": [7, 5, -9],
			"to": [8, 12, -8],
			"faces": {
				"north": {"uv": [1, 9, 5, 10], "rotation": 90, "texture": "#3"},
				"east": {"uv": [1, 9, 5, 10], "rotation": 90, "texture": "#3"},
				"south": {"uv": [1, 9, 5, 10], "rotation": 90, "texture": "#3"},
				"west": {"uv": [1, 9, 5, 10], "rotation": 90, "texture": "#3"},
				"up": {"uv": [1, 9, 5, 10], "rotation": 90, "texture": "#3"},
				"down": {"uv": [1, 9, 5, 10], "rotation": 90, "texture": "#3"}
			}
		},
		{
			"from": [7, 5, -8],
			"to": [8, 5.75, -7],
			"faces": {
				"north": {"uv": [4, 14, 6, 15], "rotation": 90, "texture": "#3"},
				"east": {"uv": [4, 14, 6, 15], "rotation": 90, "texture": "#3"},
				"south": {"uv": [4, 14, 6, 15], "rotation": 90, "texture": "#3"},
				"west": {"uv": [4, 14, 6, 15], "rotation": 90, "texture": "#3"},
				"up": {"uv": [4, 14, 6, 15], "rotation": 90, "texture": "#3"},
				"down": {"uv": [4, 14, 6, 15], "rotation": 90, "texture": "#3"}
			}
		},
		{
			"from": [7.1, 5.2, -9.4],
			"to": [7.9, 6, -9],
			"faces": {
				"north": {"uv": [4, 14, 6, 15], "rotation": 90, "texture": "#3"},
				"east": {"uv": [4, 14, 6, 15], "rotation": 90, "texture": "#3"},
				"south": {"uv": [4, 14, 6, 15], "rotation": 90, "texture": "#3"},
				"west": {"uv": [4, 14, 6, 15], "rotation": 90, "texture": "#3"},
				"up": {"uv": [4, 14, 6, 15], "rotation": 90, "texture": "#3"},
				"down": {"uv": [4, 14, 6, 15], "rotation": 90, "texture": "#3"}
			}
		},
		{
			"from": [7.25, 5, -5.75],
			"to": [7.75, 9, -5.25],
			"faces": {
				"north": {"uv": [0, 0, 1, 3], "texture": "#3"},
				"east": {"uv": [0, 0, 1, 3], "texture": "#3"},
				"south": {"uv": [0, 0, 1, 3], "texture": "#3"},
				"west": {"uv": [0, 0, 1, 3], "texture": "#3"},
				"up": {"uv": [0, 0, 1, 3], "texture": "#3"},
				"down": {"uv": [0, 0, 1, 3], "texture": "#3"}
			}
		},
		{
			"from": [6.25, 4, -8],
			"to": [7, 5, -7],
			"faces": {
				"north": {"uv": [4, 14, 6, 15], "texture": "#3"},
				"east": {"uv": [4, 14, 6, 15], "texture": "#3"},
				"south": {"uv": [4, 14, 6, 15], "texture": "#3"},
				"west": {"uv": [4, 14, 6, 15], "texture": "#3"},
				"up": {"uv": [4, 14, 6, 15], "texture": "#3"},
				"down": {"uv": [4, 14, 6, 15], "texture": "#3"}
			}
		},
		{
			"from": [6, 4.1, -9.4],
			"to": [6.8, 4.9, -9],
			"faces": {
				"north": {"uv": [4, 14, 6, 15], "texture": "#3"},
				"east": {"uv": [4, 14, 6, 15], "texture": "#3"},
				"south": {"uv": [4, 14, 6, 15], "texture": "#3"},
				"west": {"uv": [4, 14, 6, 15], "texture": "#3"},
				"up": {"uv": [4, 14, 6, 15], "texture": "#3"},
				"down": {"uv": [4, 14, 6, 15], "texture": "#3"}
			}
		},
		{
			"from": [5, 4.25, -9.3],
			"to": [6, 4.75, -9],
			"faces": {
				"north": {"uv": [4, 14, 6, 15], "texture": "#3"},
				"east": {"uv": [4, 14, 6, 15], "texture": "#3"},
				"south": {"uv": [4, 14, 6, 15], "texture": "#3"},
				"west": {"uv": [4, 14, 6, 15], "texture": "#3"},
				"up": {"uv": [4, 14, 6, 15], "texture": "#3"},
				"down": {"uv": [4, 14, 6, 15], "texture": "#3"}
			}
		},
		{
			"from": [7.25, 2, -9.3],
			"to": [7.75, 3, -9],
			"faces": {
				"north": {"uv": [4, 14, 6, 15], "texture": "#3"},
				"east": {"uv": [4, 14, 6, 15], "texture": "#3"},
				"south": {"uv": [4, 14, 6, 15], "texture": "#3"},
				"west": {"uv": [4, 14, 6, 15], "texture": "#3"},
				"up": {"uv": [4, 14, 6, 15], "texture": "#3"},
				"down": {"uv": [4, 14, 6, 15], "texture": "#3"}
			}
		},
		{
			"from": [9, 4.25, -9.3],
			"to": [10, 4.75, -9],
			"faces": {
				"north": {"uv": [4, 14, 6, 15], "texture": "#3"},
				"east": {"uv": [4, 14, 6, 15], "texture": "#3"},
				"south": {"uv": [4, 14, 6, 15], "texture": "#3"},
				"west": {"uv": [4, 14, 6, 15], "texture": "#3"},
				"up": {"uv": [4, 14, 6, 15], "texture": "#3"},
				"down": {"uv": [4, 14, 6, 15], "texture": "#3"}
			}
		},
		{
			"from": [7.25, 6, -9.3],
			"to": [7.75, 7, -9],
			"faces": {
				"north": {"uv": [4, 14, 6, 15], "texture": "#3"},
				"east": {"uv": [4, 14, 6, 15], "texture": "#3"},
				"south": {"uv": [4, 14, 6, 15], "texture": "#3"},
				"west": {"uv": [4, 14, 6, 15], "texture": "#3"},
				"up": {"uv": [4, 14, 6, 15], "texture": "#3"},
				"down": {"uv": [4, 14, 6, 15], "texture": "#3"}
			}
		},
		{
			"from": [6.75, 4, -7],
			"to": [7, 5, -6],
			"faces": {
				"north": {"uv": [0, 0, 16, 16], "texture": "#3"},
				"east": {"uv": [0, 0, 16, 16], "texture": "#3"},
				"south": {"uv": [0, 0, 16, 16], "texture": "#3"},
				"west": {"uv": [0, 0, 16, 16], "texture": "#3"},
				"up": {"uv": [0, 0, 16, 16], "texture": "#3"},
				"down": {"uv": [0, 0, 16, 16], "texture": "#3"}
			}
		},
		{
			"from": [8, 4, -7],
			"to": [8.25, 5, -6],
			"faces": {
				"north": {"uv": [0, 0, 16, 16], "texture": "#3"},
				"east": {"uv": [0, 0, 16, 16], "texture": "#3"},
				"south": {"uv": [0, 0, 16, 16], "texture": "#3"},
				"west": {"uv": [0, 0, 16, 16], "texture": "#3"},
				"up": {"uv": [0, 0, 16, 16], "texture": "#3"},
				"down": {"uv": [0, 0, 16, 16], "texture": "#3"}
			}
		},
		{
			"from": [8, 4, -8],
			"to": [8.75, 5, -7],
			"faces": {
				"north": {"uv": [4, 14, 6, 15], "texture": "#3"},
				"east": {"uv": [4, 14, 6, 15], "texture": "#3"},
				"south": {"uv": [4, 14, 6, 15], "texture": "#3"},
				"west": {"uv": [4, 14, 6, 15], "texture": "#3"},
				"up": {"uv": [4, 14, 6, 15], "texture": "#3"},
				"down": {"uv": [4, 14, 6, 15], "texture": "#3"}
			}
		},
		{
			"from": [8.2, 4.1, -9.4],
			"to": [9, 4.9, -9],
			"faces": {
				"north": {"uv": [4, 14, 6, 15], "texture": "#3"},
				"east": {"uv": [4, 14, 6, 15], "texture": "#3"},
				"south": {"uv": [4, 14, 6, 15], "texture": "#3"},
				"west": {"uv": [4, 14, 6, 15], "texture": "#3"},
				"up": {"uv": [4, 14, 6, 15], "texture": "#3"},
				"down": {"uv": [4, 14, 6, 15], "texture": "#3"}
			}
		},
		{
			"from": [8, 4, -9.5],
			"to": [8.2, 5, -9],
			"faces": {
				"north": {"uv": [4, 14, 6, 15], "texture": "#3"},
				"east": {"uv": [4, 14, 6, 15], "texture": "#3"},
				"south": {"uv": [4, 14, 6, 15], "texture": "#3"},
				"west": {"uv": [4, 14, 6, 15], "texture": "#3"},
				"up": {"uv": [4, 14, 6, 15], "texture": "#3"},
				"down": {"uv": [4, 14, 6, 15], "texture": "#3"}
			}
		},
		{
			"from": [6.8, 4, -9.5],
			"to": [7, 5, -9],
			"faces": {
				"north": {"uv": [4, 14, 6, 15], "texture": "#3"},
				"east": {"uv": [4, 14, 6, 15], "texture": "#3"},
				"south": {"uv": [4, 14, 6, 15], "texture": "#3"},
				"west": {"uv": [4, 14, 6, 15], "texture": "#3"},
				"up": {"uv": [4, 14, 6, 15], "texture": "#3"},
				"down": {"uv": [4, 14, 6, 15], "texture": "#3"}
			}
		},
		{
			"from": [3, 4.25, -5.75],
			"to": [7, 4.75, -5.25],
			"faces": {
				"north": {"uv": [0, 0, 3, 1], "texture": "#3"},
				"east": {"uv": [0, 0, 3, 1], "texture": "#3"},
				"south": {"uv": [0, 0, 3, 1], "texture": "#3"},
				"west": {"uv": [0, 0, 3, 1], "texture": "#3"},
				"up": {"uv": [0, 0, 3, 1], "texture": "#3"},
				"down": {"uv": [0, 0, 3, 1], "texture": "#3"}
			}
		},
		{
			"from": [8, 4.25, -5.75],
			"to": [12, 4.75, -5.25],
			"faces": {
				"north": {"uv": [0, 0, 3, 1], "texture": "#3"},
				"east": {"uv": [0, 0, 3, 1], "texture": "#3"},
				"south": {"uv": [0, 0, 3, 1], "texture": "#3"},
				"west": {"uv": [0, 0, 3, 1], "texture": "#3"},
				"up": {"uv": [0, 0, 3, 1], "texture": "#3"},
				"down": {"uv": [0, 0, 3, 1], "texture": "#3"}
			}
		},
		{
			"from": [4.8, 4, 11],
			"to": [7, 5, 12],
			"faces": {
				"north": {"uv": [1, 3, 3, 4], "texture": "#1"},
				"south": {"uv": [1, 4, 3, 5], "texture": "#1"},
				"west": {"uv": [2, 3, 3, 4], "texture": "#1"},
				"up": {"uv": [1, 3, 3, 4], "texture": "#1"},
				"down": {"uv": [1, 3, 3, 4], "texture": "#1"}
			}
		},
		{
			"from": [4.8, 5, 11],
			"to": [10.2, 5.25, 11.25],
			"faces": {
				"north": {"uv": [1, 3, 3, 4], "texture": "#1"},
				"east": {"uv": [2, 3, 3, 4], "texture": "#1"},
				"south": {"uv": [1, 4, 3, 5], "texture": "#1"},
				"west": {"uv": [2, 3, 3, 4], "texture": "#1"},
				"up": {"uv": [1, 3, 3, 4], "texture": "#1"},
				"down": {"uv": [1, 3, 3, 4], "texture": "#1"}
			}
		},
		{
			"from": [4, 4, 12],
			"to": [5, 5, 13],
			"faces": {
				"north": {"uv": [6, 1, 7, 2], "texture": "#2"},
				"east": {"uv": [6, 1, 7, 2], "texture": "#2"},
				"south": {"uv": [6, 1, 7, 2], "texture": "#2"},
				"west": {"uv": [6, 1, 7, 2], "texture": "#2"},
				"up": {"uv": [6, 1, 7, 2], "texture": "#2"},
				"down": {"uv": [6, 1, 7, 2], "texture": "#2"}
			}
		},
		{
			"from": [10, 4, 12],
			"to": [11, 5, 13],
			"faces": {
				"north": {"uv": [6, 1, 7, 2], "texture": "#2"},
				"east": {"uv": [6, 1, 7, 2], "texture": "#2"},
				"south": {"uv": [6, 1, 7, 2], "texture": "#2"},
				"west": {"uv": [6, 1, 7, 2], "texture": "#2"},
				"up": {"uv": [6, 1, 7, 2], "texture": "#2"},
				"down": {"uv": [6, 1, 7, 2], "texture": "#2"}
			}
		},
		{
			"from": [8, 4, 11],
			"to": [10.2, 5, 12],
			"faces": {
				"north": {"uv": [1, 3, 3, 4], "texture": "#1"},
				"east": {"uv": [2, 3, 3, 4], "texture": "#1"},
				"south": {"uv": [1, 4, 3, 5], "texture": "#1"},
				"up": {"uv": [1, 3, 3, 4], "texture": "#1"},
				"down": {"uv": [1, 3, 3, 4], "texture": "#1"}
			}
		},
		{
			"from": [4.8, 4.1, 13],
			"to": [5.6, 4.9, 16],
			"faces": {
				"north": {"uv": [0, 0, 1, 1], "texture": "#3"},
				"east": {"uv": [10, 8, 13, 9], "texture": "#2"},
				"south": {"uv": [10, 8, 13, 9], "texture": "#2"},
				"west": {"uv": [10, 8, 13, 9], "texture": "#2"},
				"up": {"uv": [10, 8, 13, 9], "rotation": 90, "texture": "#2"},
				"down": {"uv": [10, 8, 13, 9], "rotation": 90, "texture": "#2"}
			}
		},
		{
			"from": [9.4, 4.1, 13],
			"to": [10.2, 4.9, 16],
			"faces": {
				"north": {"uv": [0, 0, 1, 1], "texture": "#3"},
				"east": {"uv": [10, 8, 13, 9], "texture": "#2"},
				"south": {"uv": [10, 8, 13, 9], "rotation": 90, "texture": "#2"},
				"west": {"uv": [10, 8, 13, 9], "texture": "#2"},
				"up": {"uv": [10, 8, 13, 9], "rotation": 90, "texture": "#2"},
				"down": {"uv": [10, 8, 13, 9], "rotation": 90, "texture": "#2"}
			}
		},
		{
			"from": [4.8, 3.75, 11],
			"to": [10.2, 4, 11.25],
			"faces": {
				"north": {"uv": [1, 3, 3, 4], "texture": "#1"},
				"east": {"uv": [2, 3, 3, 4], "texture": "#1"},
				"south": {"uv": [1, 4, 3, 5], "texture": "#1"},
				"west": {"uv": [2, 3, 3, 4], "texture": "#1"},
				"up": {"uv": [1, 3, 3, 4], "texture": "#1"},
				"down": {"uv": [1, 3, 3, 4], "texture": "#1"}
			}
		}
	],
	"display": {
		"thirdperson_righthand": {
			"rotation": [83, 0, 0],
			"translation": [0.5, 5, 3]
		},
		"thirdperson_lefthand": {
			"rotation": [83, 0, 0],
			"translation": [-0.5, 5, 3]
		},
		"firstperson_righthand": {
			"rotation": [47, 2, 4],
			"translation": [3.5, 2.5, -0.5]
		},
		"firstperson_lefthand": {
			"rotation": [47, 2, 4],
			"translation": [3.5, 2.5, -0.5]
		},
		"ground": {
			"rotation": [-90, 0, 0],
			"translation": [-3, 11, 0],
			"scale": [0.6, 0.6, 0.6]
		},
		"gui": {
			"rotation": [46, -31, -10],
			"translation": [-1.25, -1.25, 0],
			"scale": [0.55, 0.55, 0.55]
		},
		"head": {
			"rotation": [90, 0, 0],
			"translation": [0.5, -6, 3.5]
		},
		"fixed": {
			"rotation": [0, 90, 0],
			"translation": [3.25, 3, -1],
			"scale": [0.66, 0.66, 0.66]
		}
	}
}