{
	"credit": "Made by NavaRayUK",
	"ambientocclusion": false,
	"textures": {
		"0": "monstrosities:blocks/tardiscoral",
		"2": "monstrosities:blocks/time_eye",
		"3": "monstrosities:blocks/tardisegg"
	},
	"elements": [
		{
			"from": [8, 13, 7],
			"to": [9, 16, 8],
			"rotation": {"angle": 0, "axis": "y", "origin": [0, 16, 0]},
			"faces": {
				"north": {"uv": [10, 12, 12, 7], "texture": "#0"},
				"east": {"uv": [4, 7, 6, 2], "texture": "#0"},
				"south": {"uv": [0, 5, 2, 0], "texture": "#0"},
				"west": {"uv": [8, 6, 10, 1], "texture": "#0"},
				"up": {"uv": [12, 12, 14, 10], "texture": "#0"}
			}
		},
		{
			"from": [9, 14, 8],
			"to": [10, 15, 9],
			"rotation": {"angle": 0, "axis": "y", "origin": [0, 16, 0]},
			"faces": {
				"north": {"uv": [0, 2, 2, 0], "texture": "#0"},
				"east": {"uv": [0, 2, 2, 0], "texture": "#0"},
				"south": {"uv": [0, 2, 2, 0], "texture": "#0"},
				"west": {"uv": [0, 2, 2, 0], "texture": "#0"},
				"up": {"uv": [0, 2, 2, 0], "texture": "#0"},
				"down": {"uv": [0, 2, 2, 0], "texture": "#0"}
			}
		},
		{
			"from": [9, 14, 6],
			"to": [10, 15, 7],
			"rotation": {"angle": 0, "axis": "y", "origin": [0, 16, 0]},
			"faces": {
				"north": {"uv": [5, 11, 7, 9], "texture": "#0"},
				"east": {"uv": [6, 7, 8, 5], "texture": "#0"},
				"south": {"uv": [1, 2, 3, 0], "texture": "#0"},
				"west": {"uv": [1, 2, 3, 0], "texture": "#0"},
				"up": {"uv": [1, 2, 3, 0], "texture": "#0"},
				"down": {"uv": [1, 2, 3, 0], "texture": "#0"}
			}
		},
		{
			"from": [9, 13, 5],
			"to": [11, 13.05, 7],
			"rotation": {"angle": 0, "axis": "y", "origin": [0, 16, 0]},
			"faces": {
				"north": {"uv": [5, 12, 7, 11], "texture": "#2"},
				"east": {"uv": [5, 12, 7, 11], "texture": "#2"},
				"south": {"uv": [1, 2, 3, 0], "texture": "#0"},
				"west": {"uv": [1, 2, 3, 0], "texture": "#0"},
				"up": {"uv": [4, 7, 1, 10], "rotation": 90, "texture": "#2"}
			}
		},
		{
			"from": [6, 13, 5],
			"to": [8, 13.05, 7],
			"rotation": {"angle": 0, "axis": "y", "origin": [0, 16, 0]},
			"faces": {
				"north": {"uv": [5, 12, 7, 11], "texture": "#2"},
				"east": {"uv": [6, 7, 8, 5], "texture": "#0"},
				"south": {"uv": [1, 2, 3, 0], "texture": "#0"},
				"west": {"uv": [5, 12, 7, 11], "texture": "#2"},
				"up": {"uv": [1, 10, 4, 7], "rotation": 180, "texture": "#2"}
			}
		},
		{
			"from": [6, 13, 8],
			"to": [8, 13.05, 10],
			"rotation": {"angle": 0, "axis": "y", "origin": [0, 16, 0]},
			"faces": {
				"north": {"uv": [5, 11, 7, 9], "texture": "#0"},
				"east": {"uv": [6, 7, 8, 5], "texture": "#0"},
				"south": {"uv": [5, 12, 7, 11], "texture": "#2"},
				"west": {"uv": [5, 12, 7, 11], "texture": "#2"},
				"up": {"uv": [4, 7, 1, 10], "rotation": 270, "texture": "#2"}
			}
		},
		{
			"from": [9, 13, 8],
			"to": [11, 13.05, 10],
			"rotation": {"angle": 0, "axis": "y", "origin": [0, 16, 0]},
			"faces": {
				"north": {"uv": [5, 11, 7, 9], "texture": "#0"},
				"east": {"uv": [5, 12, 7, 11], "texture": "#2"},
				"south": {"uv": [5, 12, 7, 11], "texture": "#2"},
				"west": {"uv": [1, 2, 3, 0], "texture": "#0"},
				"up": {"uv": [1, 10, 4, 7], "texture": "#2"}
			}
		},
		{
			"from": [6, 13, 7],
			"to": [8, 14, 8],
			"rotation": {"angle": 0, "axis": "y", "origin": [0, 16, 0]},
			"faces": {
				"north": {"uv": [1, 2, 5, 0], "texture": "#0"},
				"east": {"uv": [1, 2, 3, 0], "texture": "#0"},
				"south": {"uv": [1, 2, 5, 0], "texture": "#0"},
				"west": {"uv": [1, 2, 3, 0], "texture": "#0"},
				"up": {"uv": [2, 5, 6, 3], "texture": "#0"}
			}
		},
		{
			"from": [9, 13, 7],
			"to": [11, 14, 8],
			"rotation": {"angle": 0, "axis": "y", "origin": [0, 16, 0]},
			"faces": {
				"north": {"uv": [1, 2, 5, 0], "texture": "#0"},
				"east": {"uv": [1, 2, 3, 0], "texture": "#0"},
				"south": {"uv": [1, 2, 5, 0], "texture": "#0"},
				"west": {"uv": [1, 2, 3, 0], "texture": "#0"},
				"up": {"uv": [2, 5, 6, 3], "texture": "#0"}
			}
		},
		{
			"from": [7, 14, 8],
			"to": [8, 15, 9],
			"rotation": {"angle": 0, "axis": "y", "origin": [0, 16, 0]},
			"faces": {
				"north": {"uv": [0, 2, 2, 0], "texture": "#0"},
				"east": {"uv": [5, 6, 7, 4], "texture": "#0"},
				"south": {"uv": [8, 10, 10, 8], "texture": "#0"},
				"west": {"uv": [0, 2, 2, 0], "texture": "#0"},
				"up": {"uv": [0, 2, 2, 0], "texture": "#0"},
				"down": {"uv": [0, 2, 2, 0], "texture": "#0"}
			}
		},
		{
			"from": [8, 13, 8],
			"to": [9, 14, 10],
			"rotation": {"angle": 0, "axis": "y", "origin": [0, 16, 0]},
			"faces": {
				"north": {"uv": [0, 2, 2, 0], "texture": "#0"},
				"east": {"uv": [5, 6, 9, 4], "texture": "#0"},
				"south": {"uv": [8, 10, 10, 8], "texture": "#0"},
				"west": {"uv": [0, 2, 4, 0], "texture": "#0"},
				"up": {"uv": [3, 6, 5, 2], "texture": "#0"}
			}
		},
		{
			"from": [8, 13, 5],
			"to": [9, 14, 7],
			"rotation": {"angle": 0, "axis": "y", "origin": [0, 16, 0]},
			"faces": {
				"north": {"uv": [0, 2, 2, 0], "texture": "#0"},
				"east": {"uv": [5, 6, 9, 4], "texture": "#0"},
				"south": {"uv": [8, 10, 10, 8], "texture": "#0"},
				"west": {"uv": [0, 2, 4, 0], "texture": "#0"},
				"up": {"uv": [3, 6, 5, 2], "texture": "#0"}
			}
		},
		{
			"from": [5, 12, 7],
			"to": [6, 13, 8],
			"rotation": {"angle": 0, "axis": "y", "origin": [0, 16, 0]},
			"faces": {
				"north": {"uv": [0, 2, 2, 0], "texture": "#0"},
				"south": {"uv": [8, 10, 10, 8], "texture": "#0"},
				"west": {"uv": [0, 2, 2, 0], "texture": "#0"},
				"up": {"uv": [0, 2, 2, 0], "texture": "#0"},
				"down": {"uv": [0, 2, 2, 0], "texture": "#0"}
			}
		},
		{
			"from": [6, 12, 8],
			"to": [6.05, 13, 10],
			"rotation": {"angle": 0, "axis": "y", "origin": [0, 16, 0]},
			"faces": {
				"north": {"uv": [5, 12, 7, 10], "texture": "#2"},
				"south": {"uv": [5, 12, 7, 10], "texture": "#2"},
				"west": {"uv": [4, 14, 7, 12], "texture": "#2"},
				"up": {"uv": [0, 2, 2, 0], "texture": "#0"},
				"down": {"uv": [6, 8, 8, 6], "texture": "#2"}
			}
		},
		{
			"from": [6, 12, 5],
			"to": [6.05, 13, 7],
			"rotation": {"angle": 0, "axis": "y", "origin": [0, 16, 0]},
			"faces": {
				"north": {"uv": [5, 12, 7, 10], "texture": "#2"},
				"south": {"uv": [5, 12, 7, 10], "texture": "#2"},
				"west": {"uv": [4, 14, 7, 12], "texture": "#2"},
				"up": {"uv": [0, 2, 2, 0], "texture": "#0"},
				"down": {"uv": [6, 8, 8, 6], "texture": "#2"}
			}
		},
		{
			"from": [6.05, 12, 5],
			"to": [8, 13, 5.05],
			"rotation": {"angle": 0, "axis": "y", "origin": [0, 16, 0]},
			"faces": {
				"north": {"uv": [4, 14, 7, 12], "texture": "#2"},
				"east": {"uv": [5, 12, 7, 10], "texture": "#2"},
				"west": {"uv": [5, 12, 7, 10], "texture": "#2"},
				"up": {"uv": [0, 2, 2, 0], "texture": "#0"},
				"down": {"uv": [6, 8, 8, 6], "texture": "#2"}
			}
		},
		{
			"from": [9, 12, 5],
			"to": [10.95, 13, 5.05],
			"rotation": {"angle": 0, "axis": "y", "origin": [0, 16, 0]},
			"faces": {
				"north": {"uv": [4, 14, 7, 12], "texture": "#2"},
				"east": {"uv": [13, 9, 15, 8], "texture": "#2"},
				"west": {"uv": [1, 9, 3, 8], "texture": "#2"},
				"up": {"uv": [0, 2, 2, 0], "texture": "#0"},
				"down": {"uv": [1, 8, 3, 7], "texture": "#2"}
			}
		},
		{
			"from": [9, 12, 9.95],
			"to": [10.95, 13, 10],
			"rotation": {"angle": 0, "axis": "y", "origin": [0, 16, 0]},
			"faces": {
				"east": {"uv": [5, 12, 7, 10], "texture": "#2"},
				"south": {"uv": [4, 14, 7, 12], "texture": "#2"},
				"west": {"uv": [5, 12, 7, 10], "texture": "#2"},
				"up": {"uv": [0, 2, 2, 0], "texture": "#0"},
				"down": {"uv": [6, 8, 8, 6], "texture": "#2"}
			}
		},
		{
			"from": [6.05, 12, 9.95],
			"to": [8, 13, 10],
			"rotation": {"angle": 0, "axis": "y", "origin": [0, 16, 0]},
			"faces": {
				"east": {"uv": [5, 12, 7, 10], "texture": "#2"},
				"south": {"uv": [4, 14, 7, 12], "texture": "#2"},
				"west": {"uv": [5, 12, 7, 10], "texture": "#2"},
				"up": {"uv": [0, 2, 2, 0], "texture": "#0"},
				"down": {"uv": [6, 8, 8, 6], "texture": "#2"}
			}
		},
		{
			"from": [10.95, 12, 5],
			"to": [11, 13, 7],
			"rotation": {"angle": 0, "axis": "y", "origin": [0, 16, 0]},
			"faces": {
				"north": {"uv": [5, 12, 7, 10], "texture": "#2"},
				"east": {"uv": [4, 14, 7, 12], "texture": "#2"},
				"south": {"uv": [5, 12, 7, 10], "texture": "#2"},
				"up": {"uv": [0, 2, 2, 0], "texture": "#0"},
				"down": {"uv": [6, 8, 8, 6], "texture": "#2"}
			}
		},
		{
			"from": [10.95, 12, 8],
			"to": [11, 13, 10],
			"rotation": {"angle": 0, "axis": "y", "origin": [0, 16, 0]},
			"faces": {
				"north": {"uv": [5, 12, 7, 10], "texture": "#2"},
				"east": {"uv": [4, 14, 7, 12], "texture": "#2"},
				"south": {"uv": [5, 12, 7, 10], "texture": "#2"},
				"up": {"uv": [0, 2, 2, 0], "texture": "#0"},
				"down": {"uv": [6, 8, 8, 6], "texture": "#2"}
			}
		},
		{
			"from": [4.75, 11, 7],
			"to": [5.75, 12, 8],
			"rotation": {"angle": 0, "axis": "y", "origin": [0, 16, 0]},
			"faces": {
				"north": {"uv": [0, 2, 2, 0], "texture": "#0"},
				"east": {"uv": [5, 6, 7, 4], "texture": "#0"},
				"south": {"uv": [8, 10, 10, 8], "texture": "#0"},
				"west": {"uv": [0, 2, 2, 0], "texture": "#0"},
				"up": {"uv": [0, 2, 2, 0], "texture": "#0"},
				"down": {"uv": [0, 2, 2, 0], "texture": "#0"}
			}
		},
		{
			"from": [11, 12, 7],
			"to": [12, 13, 8],
			"rotation": {"angle": 0, "axis": "y", "origin": [0, 16, 0]},
			"faces": {
				"north": {"uv": [0, 2, 2, 0], "texture": "#0"},
				"east": {"uv": [5, 6, 7, 4], "texture": "#0"},
				"south": {"uv": [8, 10, 10, 8], "texture": "#0"},
				"up": {"uv": [0, 2, 2, 0], "texture": "#0"},
				"down": {"uv": [0, 2, 2, 0], "texture": "#0"}
			}
		},
		{
			"from": [11.25, 11, 7],
			"to": [12.25, 12, 8],
			"rotation": {"angle": 0, "axis": "y", "origin": [0, 16, 0]},
			"faces": {
				"north": {"uv": [0, 2, 2, 0], "texture": "#0"},
				"east": {"uv": [5, 6, 7, 4], "texture": "#0"},
				"south": {"uv": [8, 10, 10, 8], "texture": "#0"},
				"west": {"uv": [0, 2, 2, 0], "texture": "#0"},
				"up": {"uv": [0, 2, 2, 0], "texture": "#0"},
				"down": {"uv": [0, 2, 2, 0], "texture": "#0"}
			}
		},
		{
			"from": [8, 12, 10],
			"to": [9, 13, 11],
			"rotation": {"angle": 0, "axis": "y", "origin": [0, 16, 0]},
			"faces": {
				"east": {"uv": [5, 6, 7, 4], "texture": "#0"},
				"south": {"uv": [8, 10, 10, 8], "texture": "#0"},
				"west": {"uv": [0, 2, 2, 0], "texture": "#0"},
				"up": {"uv": [0, 2, 2, 0], "texture": "#0"},
				"down": {"uv": [0, 2, 2, 0], "texture": "#0"}
			}
		},
		{
			"from": [8, 11, 10.25],
			"to": [9, 12, 11.25],
			"rotation": {"angle": 0, "axis": "y", "origin": [0, 16, 0]},
			"faces": {
				"north": {"uv": [0, 2, 2, 0], "texture": "#0"},
				"east": {"uv": [5, 6, 7, 4], "texture": "#0"},
				"south": {"uv": [8, 10, 10, 8], "texture": "#0"},
				"west": {"uv": [0, 2, 2, 0], "texture": "#0"},
				"up": {"uv": [0, 2, 2, 0], "texture": "#0"},
				"down": {"uv": [0, 2, 2, 0], "texture": "#0"}
			}
		},
		{
			"from": [8, 12, 4],
			"to": [9, 13, 5],
			"rotation": {"angle": 0, "axis": "y", "origin": [0, 16, 0]},
			"faces": {
				"north": {"uv": [0, 2, 2, 0], "texture": "#0"},
				"east": {"uv": [5, 6, 7, 4], "texture": "#0"},
				"west": {"uv": [0, 2, 2, 0], "texture": "#0"},
				"up": {"uv": [0, 2, 2, 0], "texture": "#0"},
				"down": {"uv": [0, 2, 2, 0], "texture": "#0"}
			}
		},
		{
			"from": [8, 11, 3.75],
			"to": [9, 12, 4.75],
			"rotation": {"angle": 0, "axis": "y", "origin": [0, 16, 0]},
			"faces": {
				"north": {"uv": [0, 2, 2, 0], "texture": "#0"},
				"east": {"uv": [5, 6, 7, 4], "texture": "#0"},
				"south": {"uv": [8, 10, 10, 8], "texture": "#0"},
				"west": {"uv": [0, 2, 2, 0], "texture": "#0"},
				"up": {"uv": [0, 2, 2, 0], "texture": "#0"},
				"down": {"uv": [0, 2, 2, 0], "texture": "#0"}
			}
		},
		{
			"from": [5.8, 11.025, 4.79],
			"to": [11.275, 11.525, 10.34],
			"rotation": {"angle": 0, "axis": "y", "origin": [0, 16, 0]},
			"faces": {
				"north": {"uv": [0, 16, 16, 14], "texture": "#3"},
				"east": {"uv": [0, 16, 16, 14], "texture": "#3"},
				"south": {"uv": [0, 16, 16, 14], "texture": "#3"},
				"west": {"uv": [0, 16, 16, 14], "texture": "#3"},
				"up": {"uv": [0, 16, 16, 0], "texture": "#3"},
				"down": {"uv": [2, 7, 3, 6], "texture": "#3"}
			}
		},
		{
			"from": [5.8, 6.525, 4.79],
			"to": [11.275, 7.275, 10.34],
			"rotation": {"angle": 0, "axis": "y", "origin": [0, 16, 0]},
			"faces": {
				"north": {"uv": [0, 3, 16, 1], "texture": "#3"},
				"east": {"uv": [0, 3, 16, 1], "texture": "#3"},
				"south": {"uv": [0, 3, 16, 1], "texture": "#3"},
				"west": {"uv": [0, 3, 16, 1], "texture": "#3"},
				"down": {"uv": [0, 16, 16, 0], "texture": "#3"}
			}
		},
		{
			"from": [5.5, 10.55, 4.54],
			"to": [11.5, 11.05, 10.565],
			"rotation": {"angle": 0, "axis": "y", "origin": [0, 16, 0]},
			"faces": {
				"north": {"uv": [0, 14, 16, 12], "texture": "#3"},
				"east": {"uv": [0, 14, 16, 12], "texture": "#3"},
				"south": {"uv": [0, 14, 16, 12], "texture": "#3"},
				"west": {"uv": [0, 14, 16, 12], "texture": "#3"},
				"up": {"uv": [0, 16, 16, 0], "texture": "#3"},
				"down": {"uv": [2, 7, 3, 6], "texture": "#3"}
			}
		},
		{
			"from": [5.5, 7.3, 4.54],
			"to": [11.5, 8.05, 10.565],
			"rotation": {"angle": 0, "axis": "y", "origin": [0, 16, 0]},
			"faces": {
				"north": {"uv": [0, 5, 16, 3], "texture": "#3"},
				"east": {"uv": [0, 5, 16, 3], "texture": "#3"},
				"south": {"uv": [0, 5, 16, 3], "texture": "#3"},
				"west": {"uv": [0, 5, 16, 3], "texture": "#3"},
				"down": {"uv": [0, 16, 16, 0], "texture": "#3"}
			}
		},
		{
			"from": [5.4, 8.05, 4.465],
			"to": [11.6, 10.55, 10.665],
			"rotation": {"angle": 0, "axis": "y", "origin": [0, 16, 0]},
			"faces": {
				"north": {"uv": [0, 13, 16, 5], "texture": "#3"},
				"east": {"uv": [0, 13, 16, 5], "texture": "#3"},
				"south": {"uv": [0, 13, 16, 5], "texture": "#3"},
				"west": {"uv": [0, 13, 16, 5], "texture": "#3"},
				"up": {"uv": [0, 16, 16, 0], "texture": "#3"},
				"down": {"uv": [0, 16, 16, 0], "texture": "#3"}
			}
		},
		{
			"from": [6, 11.525, 4.99],
			"to": [11, 12.025, 9.99],
			"rotation": {"angle": 0, "axis": "y", "origin": [0, 16, 0]},
			"faces": {
				"north": {"uv": [0, 16, 16, 15], "texture": "#3"},
				"east": {"uv": [0, 16, 16, 15], "texture": "#3"},
				"south": {"uv": [0, 16, 16, 15], "texture": "#3"},
				"west": {"uv": [0, 16, 16, 15], "texture": "#3"},
				"up": {"uv": [2, 7, 3, 6], "texture": "#3"},
				"down": {"uv": [2, 7, 3, 6], "texture": "#3"}
			}
		},
		{
			"from": [6, 6.025, 4.99],
			"to": [11, 6.525, 9.99],
			"rotation": {"angle": 0, "axis": "y", "origin": [0, 16, 0]},
			"faces": {
				"north": {"uv": [0, 2, 16, 0], "texture": "#3"},
				"east": {"uv": [0, 2, 16, 0], "texture": "#3"},
				"south": {"uv": [0, 2, 16, 0], "texture": "#3"},
				"west": {"uv": [0, 2, 16, 0], "texture": "#3"},
				"down": {"uv": [0, 16, 16, 0], "texture": "#3"}
			}
		},
		{
			"from": [6.25, 5.525, 5.24],
			"to": [10.75, 6.025, 9.74],
			"rotation": {"angle": 0, "axis": "y", "origin": [0, 16, 0]},
			"faces": {
				"north": {"uv": [0, 16, 16, 15], "texture": "#3"},
				"east": {"uv": [0, 16, 16, 15], "texture": "#3"},
				"south": {"uv": [0, 16, 16, 15], "texture": "#3"},
				"west": {"uv": [0, 16, 16, 15], "texture": "#3"},
				"down": {"uv": [0, 16, 16, 0], "texture": "#3"}
			}
		},
		{
			"from": [6.5, 5.025, 5.49],
			"to": [10.5, 5.525, 9.49],
			"rotation": {"angle": 0, "axis": "y", "origin": [0, 16, 0]},
			"faces": {
				"north": {"uv": [0, 16, 16, 15], "texture": "#3"},
				"east": {"uv": [0, 16, 16, 15], "texture": "#3"},
				"south": {"uv": [0, 16, 16, 15], "texture": "#3"},
				"west": {"uv": [0, 16, 16, 15], "texture": "#3"},
				"down": {"uv": [0, 16, 16, 0], "texture": "#3"}
			}
		},
		{
			"from": [7, 4.525, 5.99],
			"to": [10, 5.025, 8.99],
			"rotation": {"angle": 0, "axis": "y", "origin": [0, 16, 0]},
			"faces": {
				"north": {"uv": [0, 16, 16, 15], "texture": "#3"},
				"east": {"uv": [0, 16, 16, 15], "texture": "#3"},
				"south": {"uv": [0, 16, 16, 15], "texture": "#3"},
				"west": {"uv": [0, 16, 16, 15], "texture": "#3"},
				"down": {"uv": [0, 16, 16, 0], "texture": "#3"}
			}
		},
		{
			"from": [7, 14, 6],
			"to": [8, 15, 7],
			"rotation": {"angle": 0, "axis": "y", "origin": [0, 16, 0]},
			"faces": {
				"north": {"uv": [6, 8, 8, 6], "texture": "#0"},
				"east": {"uv": [6, 8, 8, 6], "texture": "#0"},
				"south": {"uv": [6, 8, 8, 6], "texture": "#0"},
				"west": {"uv": [6, 8, 8, 6], "texture": "#0"},
				"up": {"uv": [6, 8, 8, 6], "texture": "#0"},
				"down": {"uv": [6, 8, 8, 6], "texture": "#0"}
			}
		}
	],
	"display": {
		"gui": {
			"rotation": [-8, -6, -22],
			"translation": [-1, -1.75, 0]
		},
		"head": {
			"rotation": [180, 0, 0],
			"translation": [0, 13.25, 0]
		},
		"fixed": {
			"translation": [0, -1.25, 0]
		}
	}
}