{
    "credit": "Made by NavaRayUK", 
    "ambientocclusion": false, 
    "textures": {
        "main": "block/tardis_airlock_open_animation"
    }, 
    "elements": [
        {
            "from": [ 0, 0, 8 ], 
            "to":   [ 16, 16, 10 ], 
            "faces": {
                "north": { "uv": [ 4, 4, 8, 0 ], "texture": "#main" }, 
                "east":  { "uv": [ 0, 0, 0.75, 4 ], "texture": "#main" }, 
                "south": { "uv": [ 4, 4, 8, 0 ], "texture": "#main" }, 
                "west":  { "uv": [ 0, 0, 0.75, 4 ], "texture": "#main" }, 
                "up":    { "uv": [ 4, 1, 8, 1.75 ], "texture": "#main" }, 
                "down":  { "uv": [ 0, 0, 4, 0.75 ], "texture": "#main" }
            }
        }, 
        {
            "from": [ 0, 16, 8 ], 
            "to":   [ 16, 32, 10 ], 
            "faces": {
                "north": { "uv": [ 4, 0, 8, 4 ], "texture": "#main" }, 
                "east":  { "uv": [ 0, 0, 0.75, 4 ], "texture": "#main" }, 
                "south": { "uv": [ 4, 0, 8, 4 ], "texture": "#main" }, 
                "west":  { "uv": [ 0, 0, 0.75, 4 ], "texture": "#main" }, 
                "up":    { "uv": [ 0, 0, 4, 0.75 ], "texture": "#main" }, 
                "down":  { "uv": [ 4, 1, 8, 1.75 ], "texture": "#main" }
            }
        }, 
        {
            "from": [ 0, 0, 7 ], 
            "to":   [ 16, 12, 9 ], 
            "faces": {
                "north": { "uv": [ 12, 4, 16, 1 ], "texture": "#main" }, 
                "east":  { "uv": [ 8, 0, 8.75, 4 ], "texture": "#main" }, 
                "south": { "uv": [ 12, 4, 16, 1 ], "texture": "#main" }, 
                "west":  { "uv": [ 8, 0, 8.75, 4 ], "texture": "#main" }, 
                "up":    { "uv": [ 12, 1, 16, 1.75 ], "texture": "#main" }, 
                "down":  { "uv": [ 8, 0, 12, 0.75 ], "texture": "#main" }
            }
        }, 
        {
            "from": [ 0, 20, 7 ], 
            "to":   [ 16, 32, 9 ], 
            "faces": {
                "north": { "uv": [ 12, 1, 16, 4 ], "texture": "#main" }, 
                "east":  { "uv": [ 8, 0, 8.75, 4 ], "texture": "#main" }, 
                "south": { "uv": [ 12, 1, 16, 4 ], "texture": "#main" }, 
                "west":  { "uv": [ 8, 0, 8.75, 4 ], "texture": "#main" }, 
                "up":    { "uv": [ 8, 0, 12, 0.75 ], "texture": "#main" }, 
                "down":  { "uv": [ 12, 1, 16, 1.75 ], "texture": "#main" }
            }
        }, 
        {
            "from": [ 0, 0, 7 ], 
            "to":   [ 16, 7, 9 ], 
            "faces": {
                "north": { "uv": [ 4, 12, 8, 10.25 ], "texture": "#main" }, 
                "east":  { "uv": [ 0, 8, 0.75, 12 ], "texture": "#main" }, 
                "south": { "uv": [ 4, 12, 8, 10.25 ], "texture": "#main" }, 
                "west":  { "uv": [ 0, 8, 0.75, 12 ], "texture": "#main" }, 
                "up":    { "uv": [ 4, 9, 8, 9.75 ], "texture": "#main" }, 
                "down":  { "uv": [ 0, 8, 4, 8.75 ], "texture": "#main" }
            }
        }, 
        {
            "from": [ 0, 25, 7 ], 
            "to":   [ 16, 32, 9 ], 
            "faces": {
                "north": { "uv": [ 4, 10.25, 8, 12 ], "texture": "#main" }, 
                "east":  { "uv": [ 0, 8, 0.75, 12 ], "texture": "#main" }, 
                "south": { "uv": [ 4, 10.25, 8, 12 ], "texture": "#main" }, 
                "west":  { "uv": [ 0, 8, 0.75, 12 ], "texture": "#main" }, 
                "up":    { "uv": [ 0, 8, 4, 8.75 ], "texture": "#main" }, 
                "down":  { "uv": [ 4, 9, 8, 9.75 ], "texture": "#main" }
            }
        }, 
        {
            "from": [ 0, 0, 7 ], 
            "to":   [ 16, 0.05, 9 ], 
            "faces": {
                "north": { "uv": [ 12, 12, 16, 11.25 ], "texture": "#main" }, 
                "east":  { "uv": [ 8, 8, 8.75, 12 ], "texture": "#main" }, 
                "south": { "uv": [ 12, 12, 16, 11.25 ], "texture": "#main" }, 
                "west":  { "uv": [ 8, 8, 8.75, 12 ], "texture": "#main" }, 
                "up":    { "uv": [ 12, 9.25, 16, 9.75 ], "texture": "#main" }, 
                "down":  { "uv": [ 8, 8, 12, 8.5 ], "texture": "#main" }
            }
        }, 
        {
            "from": [ 0, 29, 7 ], 
            "to":   [ 16, 32, 9 ], 
            "faces": {
                "north": { "uv": [ 12, 12, 16, 11.25 ], "texture": "#main" }, 
                "east":  { "uv": [ 8, 8, 8.5, 8.75 ], "texture": "#main" }, 
                "south": { "uv": [ 12, 12, 16, 11.25 ], "texture": "#main" }, 
                "west":  { "uv": [ 8, 8, 8.5, 8.75 ], "texture": "#main" }, 
                "up":    { "uv": [ 8, 8, 12, 8.5 ], "texture": "#main" }, 
                "down":  { "uv": [ 12, 9.25, 16, 9.75 ], "texture": "#main" }
            }
        }
    ], 
    "__comment": "Model animated using Fizzy's model animator - http://fizzy81.github.io/animated-models/"
}