{
	"credit": "Made by NavaRayUK",
	"ambientocclusion": false,
	"texture_size": [64, 64],
	"textures": {
		"0": "till",
		"particle": "till"
	},
	"elements": [
		{
			"from": [1, 0, 2],
			"to": [15, 3, 15],
			"faces": {
				"north": {"uv": [7.5, 1.5, 11, 2.25], "texture": "#0"},
				"east": {"uv": [3.75, 8.75, 7, 9.5], "texture": "#0"},
				"south": {"uv": [7.5, 2.5, 11, 3.25], "texture": "#0"},
				"west": {"uv": [9, 4.5, 12.25, 5.25], "texture": "#0"},
				"up": {"uv": [3.5, 3.25, 0, 0], "texture": "#0"},
				"down": {"uv": [3.5, 3.5, 0, 6.75], "texture": "#0"}
			}
		},
		{
			"from": [1, 3, 12],
			"to": [15, 15, 15],
			"faces": {
				"north": {"uv": [3.75, 0, 7.25, 3], "texture": "#0"},
				"east": {"uv": [9, 5.5, 9.75, 8.5], "texture": "#0"},
				"south": {"uv": [3.75, 3.25, 7.25, 6.25], "texture": "#0"},
				"west": {"uv": [7.25, 9, 8, 12], "texture": "#0"},
				"up": {"uv": [11, 4.25, 7.5, 3.5], "texture": "#0"}
			}
		},
		{
			"from": [1, 3, 7],
			"to": [15, 11, 12],
			"faces": {
				"north": {"uv": [3.75, 6.5, 7.25, 8.5], "texture": "#0"},
				"east": {"uv": [7.5, 4.5, 8.75, 6.5], "texture": "#0"},
				"west": {"uv": [7.5, 6.75, 8.75, 8.75], "texture": "#0"},
				"up": {"uv": [11, 1.25, 7.5, 0], "texture": "#0"}
			}
		},
		{
			"from": [1.025, 2.65, 4.85],
			"to": [14.975, 10.65, 6.85],
			"rotation": {"angle": 22.5, "axis": "x", "origin": [8, 3, 4]},
			"faces": {
				"north": {"uv": [0, 7, 3.5, 9], "texture": "#0"},
				"east": {"uv": [3.75, 9.75, 4.25, 11.75], "texture": "#0"},
				"west": {"uv": [4.5, 9.75, 5, 11.75], "texture": "#0"},
				"down": {"uv": [11.75, 9, 8.25, 9.5], "texture": "#0"}
			}
		},
		{
			"from": [1, 7, 5.1],
			"to": [15, 7, 7.1],
			"faces": {
				"north": {"uv": [9, 8.75, 12.5, 8.75], "texture": "#0"},
				"east": {"uv": [5.25, 9.75, 5.75, 9.75], "texture": "#0"},
				"south": {"uv": [10, 6.25, 13.5, 6.25], "texture": "#0"},
				"west": {"uv": [6, 9.75, 6.5, 9.75], "texture": "#0"},
				"up": {"uv": [3.5, 9.75, 0, 9.25], "texture": "#0"},
				"down": {"uv": [11.75, 9.75, 8.25, 10.25], "texture": "#0"}
			}
		},
		{
			"from": [1, 8, 5.8],
			"to": [15, 8, 7.8],
			"faces": {
				"north": {"uv": [10, 6.5, 13.5, 6.5], "texture": "#0"},
				"east": {"uv": [5.25, 10, 5.75, 10], "texture": "#0"},
				"south": {"uv": [10, 6.75, 13.5, 6.75], "texture": "#0"},
				"west": {"uv": [6, 10, 6.5, 10], "texture": "#0"},
				"up": {"uv": [3.5, 10.5, 0, 10], "texture": "#0"},
				"down": {"uv": [13.5, 5.5, 10, 6], "texture": "#0"}
			}
		}
	],
	"display": {
		"thirdperson_righthand": {
			"rotation": [0, -180, 0],
			"translation": [-1.25, 2.25, -2],
			"scale": [0.4, 0.4, 0.4]
		},
		"thirdperson_lefthand": {
			"rotation": [0, -180, 0],
			"translation": [-1.25, 2.25, -2],
			"scale": [0.4, 0.4, 0.4]
		},
		"firstperson_righthand": {
			"rotation": [0, 125, 0]
		},
		"firstperson_lefthand": {
			"rotation": [0, 139, 0]
		},
		"ground": {
			"rotation": [-15, 17, -25],
			"translation": [2.75, 7.25, -2.75],
			"scale": [0.5, 0.5, 0.5]
		},
		"gui": {
			"rotation": [28, 150, 0],
			"translation": [-0.5, -0.25, 0],
			"scale": [0.65, 0.65, 0.65]
		},
		"head": {
			"translation": [0, 4.25, -0.25]
		},
		"fixed": {
			"translation": [0, 0, -5],
			"scale": [0.8, 0.8, 0.8]
		}
	}
}