{
  "display": {
    "background": "minecraft:textures/block/stone.png",
    "icon": {
      "item": "db:quantum_crystal"
    },
    "title": {
      "translate": "advancements.quantum_achievement.title"
    },
    "description": {
      "translate": "advancements.quantum_achievement.descr"
    },
    "frame": "task",
    "show_toast": true,
    "announce_to_chat": true,
    "hidden": false
  },
  "criteria": {
    "quantum_achievement": {
      "trigger": "minecraft:impossible"
    }
  },
  "rewards": {
    "experience": 50
  }
}