{
  "_fv": 33,
  "_type": "achievement",
  "definition": {
    "achievementName": "The Cane is blue",
    "achievementDescription": "Quantum Crystil Created",
    "achievementIcon": {
      "value": "CUSTOM:QuantumCrystal"
    },
    "background": "Default",
    "disableDisplay": false,
    "showPopup": true,
    "announceToChat": true,
    "hideIfNotCompleted": false,
    "rewardLoot": [],
    "rewardRecipes": [],
    "rewardFunction": "No function",
    "rewardXP": 50,
    "achievementType": "task",
    "parent": {
      "value": "No parent: root"
    },
    "triggerxml": "<xml xmlns=\"https://developers.google.com/blockly/xml\"><block type=\"custom_trigger\" x=\"136\" y=\"19\"><next><block type=\"advancement_trigger\" deletable=\"false\"></block></next></block></xml>"
  }
}