{
  "_fv": 33,
  "_type": "recipe",
  "definition": {
    "recipeType": "Crafting",
    "xpReward": 0.0,
    "cookingTime": 200,
    "recipeRetstackSize": 1,
    "group": "",
    "recipeShapeless": false,
    "recipeSlots": [
      {
        "value": "CUSTOM:SmoothTardisWallLight"
      },
      {
        "value": "CUSTOM:SmoothTardisWallLight"
      },
      {
        "value": "CUSTOM:SmoothTardisWallLight"
      },
      {
        "value": "Items.BOOK"
      },
      {
        "value": "Items.BOOK"
      },
      {
        "value": "Items.BOOK"
      },
      {
        "value": "CUSTOM:SmoothTardisWallLight"
      },
      {
        "value": "CUSTOM:SmoothTardisWallLight"
      },
      {
        "value": "CUSTOM:SmoothTardisWallLight"
      }
    ],
    "recipeReturnStack": {
      "value": "CUSTOM:TardisWallLightBookshelf"
    },
    "name": "tardis_wall_light_bookshelf_recipe",
    "namespace": "mod"
  }
}