{
  "_fv": 33,
  "_type": "recipe",
  "definition": {
    "recipeType": "Crafting",
    "xpReward": 0.0,
    "cookingTime": 200,
    "recipeRetstackSize": 1,
    "group": "",
    "recipeShapeless": false,
    "recipeSlots": [
      {
        "value": ""
      },
      {
        "value": ""
      },
      {
        "value": ""
      },
      {
        "value": ""
      },
      {
        "value": "CUSTOM:SmoothTardisWallLight"
      },
      {
        "value": "CUSTOM:SmoothTardisWallLight"
      },
      {
        "value": ""
      },
      {
        "value": "CUSTOM:SmoothTardisWallLight"
      },
      {
        "value": "CUSTOM:SmoothTardisWallLight"
      }
    ],
    "recipeReturnStack": {
      "value": "CUSTOM:TardisWallLight"
    },
    "name": "tardis_wall_light_recipe",
    "namespace": "mod"
  }
}