{
	"credit": "Made by NavaRayUK",
	"ambientocclusion": false,
	"textures": {
		"0": "db:blocks/thebluebox",
		"particle": "db:blocks/thebluebox"
	},
	"elements": [
		{
			"name": "bmain",
			"from": [2, 2, 2],
			"to": [14, 5, 14],
			"faces": {
				"north": {"uv": [1.55555, 0, 3.11111, 1.55555], "texture": "#0"},
				"east": {"uv": [1.55555, 0, 3.11111, 1.55555], "texture": "#0"},
				"south": {"uv": [1.55555, 0, 3.11111, 1.55555], "texture": "#0"},
				"west": {"uv": [1.55555, 0, 3.11111, 1.55555], "texture": "#0"},
				"up": {"uv": [1.55555, 0, 3.11111, 1.55555], "texture": "#0"},
				"down": {"uv": [1.55555, 0, 3.11111, 1.55555], "texture": "#0"}
			}
		}
	],
	"display": {
		"thirdperson_righthand": {
			"rotation": [68, 3, 0],
			"translation": [-6, -7, -2],
			"scale": [1.225, 1.225, 1.225]
		},
		"thirdperson_lefthand": {
			"rotation": [68, 3, 0],
			"translation": [-6, -7, -2],
			"scale": [1.225, 1.225, 1.225]
		},
		"firstperson_righthand": {
			"rotation": [8, 11, 6],
			"translation": [-1, 12, 4.5],
			"scale": [0.05, 0.05, 0.05]
		},
		"firstperson_lefthand": {
			"rotation": [8, 11, 6],
			"translation": [-1, 12, 4.5],
			"scale": [0.05, 0.05, 0.05]
		},
		"ground": {
			"translation": [0, 5, 0],
			"scale": [1.3, 1.3, 1.3]
		},
		"gui": {
			"rotation": [-4, -17, -27],
			"translation": [-1, -3, -3],
			"scale": [0.45, 0.4, 0.625]
		},
		"head": {
			"rotation": [9, 0, 1],
			"translation": [0, 13.5, 0],
			"scale": [0, 0.35, 0]
		},
		"fixed": {
			"translation": [0, -4.5, -2],
			"scale": [0.7, 0.6, 0.825]
		}
	},
	"groups": [
		{
			"name": "light",
			"origin": [0, 0, 0],
			"color": 0,
			"children": []
		},
		{
			"name": "roof",
			"origin": [8, 8, 8],
			"color": 0,
			"children": []
		},
		{
			"name": "sign",
			"origin": [0, 0, 0],
			"color": 0,
			"children": []
		},
		{
			"name": "body",
			"origin": [0, 0, 0],
			"color": 0,
			"children": [0]
		},
		{
			"name": "base",
			"origin": [0, 0, 0],
			"color": 0,
			"children": []
		}
	]
}